Moisture_value,PH,Temperature,Class
340,4.67,14.8,0
889,6.53,24.4,1
861,6.05,24.4,1
798,6.2,24.4,1
744,6.46,24.3,1
742,6.62,24.4,1
794,6.48,24.4,1
781,6.74,24.4,1
693,6.21,24.4,1
693,6.5,24.4,1
683,6.66,24.4,1
687,6.52,18.3,2
710,6.07,19.5,1
621,6.64,18.7,2
615,5.69,22.7,1
598,5.11,22.9,1
580,6.46,22.9,1
606,6.88,22.9,1
626,5.01,22.9,1
629,6.48,22.9,1
334,6.52,22.9,1
337,6.53,22.9,1
328,4.7,14.85,0
322,6.58,22.9,1
354,6.56,22.8,1
354,6.51,22.8,1
349,6.4,22.8,1
356,5.41,22.8,1
27,4.8,14.8,0
30,4.07,14.8,0
32,4.9,14.8,0
33,4.88,14.8,0
43,4.48,14.86,0
39,4.84,14.98,0
40,4.98,14.87,0
75,4.99,14.89,0
600,6.63,22.8,1
600,6.33,22.8,1
700,6.74,22.8,1
556,6.38,22.8,1
651,5.8,22.8,1
85,6.27,22.8,1
600,6.98,22.8,1
850,6,22.8,1
685,6.12,22.8,1
560,5.8,22.8,1
1024,5.97,22.8,1
1024,6.12,22.8,1
1024,6.26,22.8,1
1024,6.46,22.8,1
1024,5.5,22.8,1
1024,6.8,22.8,1
1024,5.7,22.8,1
1024,5.01,22.8,1
1024,6.18,22.8,1
1024,6.22,22.9,1
1024,6.27,22.9,1
1024,6.56,22.9,1
1024,6.02,22.9,1
1024,5.7,22.8,1
1024,4.8,22.9,1
1024,6.45,22.9,1
1024,6.27,22.8,1
1024,6.59,22.8,1
1024,6.5,22.8,1
1024,5.97,22.8,1
1024,6.27,22.8,1
1024,6.71,22.8,1
1024,5.7,22.8,1
1024,5.88,22.8,1
1024,6.24,22.8,1
1024,6.57,22.8,1
1024,6.58,22.8,1
1024,6.15,22.8,1
1024,6.35,22.8,1
1024,6.48,22.9,1
1024,6.08,22.9,1
1024,6.15,22.9,1
1024,6.32,22.9,1
1024,6.47,22.8,1
1024,5,22.9,1
1024,6.62,22.9,1
1024,6.42,22.9,1
1024,6.46,22.9,1
1024,5,22.9,1
1024,5.4,22.9,1
1024,6.55,22.9,1
1024,6.87,22.9,1
1024,6.22,22.8,1
1024,6.51,22.9,1
1024,6.6,22.8,1
1024,5.9,22.8,1
1024,6.37,22.9,1
1024,5.7,22.8,1
1024,6.13,22.9,1
1024,6.89,22.8,1
1024,6.4,22.8,1
1024,6.17,22.8,1
1024,6.57,22.9,1
1024,6.48,22.8,1
1024,6.29,22.9,1
1024,5.7,22.8,1
1024,6.33,22.8,1
1024,6.49,22.8,1
1024,6.34,22.8,1
1024,6.25,22.8,1
1024,6.39,22.8,1
1024,6.4,22.8,1
1024,6.41,22.8,1
1024,6.4,22.8,1
1024,5.4,22.8,1
1024,6.3,22.8,1
1024,6.43,22.8,1
1024,6.1,22.8,1
1024,6.5,22.8,1
1024,6.1,22.8,1
1024,6.73,22.8,1
1024,6.7,22.8,1
1024,5.1,22.8,1
1024,6.2,22.8,1
1024,6.2,22.8,1
1024,5.3,22.8,1
1024,6.5,22.8,1
1024,5.67,22.8,1
1024,4.9,22.8,1
1024,5.93,22.7,1
1024,6.2,22.7,1
1024,6.3,22.7,1
1024,6.2,22.7,1
1024,6.2,22.7,1
1024,6.67,22.7,1
1024,6.37,22.7,1
1024,6.4,22.7,1
1024,5.4,22.7,1
588,6.3,22.7,1
581,6.57,22.7,1
560,6.37,22.7,1
513,6.4,22.7,1
506,6.27,22.7,1
514,6.67,22.7,1
512,6.4,22.7,1
505,6.5,22.7,1
495,6.3,22.7,1
495,6.07,22.7,1
490,5.6,22.7,1
488,4.6,22.7,1
484,6.33,22.7,1
480,5.2,22.7,1
478,6.2,22.7,1
475,6.8,22.7,1
472,6.37,22.7,1
470,6.2,22.7,1
469,6.7,22.7,1
468,6.3,22.7,1
465,6.23,22.7,1
465,6.43,22.7,1
462,6.63,22.7,1
461,6.13,22.7,1
460,6.53,22.7,1
459,6.27,22.7,1
459,6.3,22.7,1
457,5.2,22.7,1
457,6.5,22.7,1
456,5.93,22.7,1
454,6.03,22.7,1
561,6.27,22.7,1
768,6.5,22.7,1
760,4.7,22.7,1
756,6.34,22.7,1
745,6.9,22.7,1
741,5.8,22.7,1
740,6.29,22.7,1
739,6.34,22.7,1
738,5.8,22.7,1
736,6.51,22.7,1
1024,6.76,22.7,1
1024,6.56,22.7,1
1024,6.59,22.7,1
1024,6.49,22.7,1
592,6.75,22.7,1
506,6.51,22.7,1
512,6.61,22.7,1
514,6.53,22.7,1
517,6.11,22.7,1
519,6.85,22.7,1
521,5.94,22.7,1
523,6.22,22.6,1
525,5.2,22.6,1
526,6.65,22.7,1
528,6.67,22.7,1
529,6.65,22.6,1
532,6.77,22.6,1
532,5.5,22.7,1
533,6.48,22.6,1
533,6.57,22.6,1
534,6.37,22.6,1
534,5.5,22.6,1
535,6.91,22.6,1
535,6.68,22.6,1
536,6.56,22.6,1
537,6.33,22.6,1
538,6.59,22.6,1
538,6.44,22.6,1
538,6.64,22.6,1
538,5.77,22.6,1
538,6.54,22.6,1
538,5.6,22.6,1
538,6.66,22.6,1
538,6.16,22.6,1
538,6.32,22.6,1
538,6.42,22.6,1
538,6.67,22.6,1
541,6.73,22.6,1
540,6.37,22.6,1
540,6.68,22.6,1
540,6.64,22.6,1
541,6.38,22.6,1
541,5.5,22.6,1
541,5.3,22.6,1
541,6.45,22.6,1
541,6.22,22.6,1
541,6.19,22.7,1
541,5.1,22.7,1
540,6.36,22.6,1
540,6.39,22.6,1
686,6.6,22.7,1
685,6.62,22.6,1
684,5.5,22.6,1
684,6.53,22.6,1
682,6.26,22.6,1
682,6.32,22.6,1
682,5.87,22.6,1
682,6.27,22.6,1
682,6.57,22.6,1
682,6.53,22.6,1
682,6.47,22.6,1
681,6.56,22.6,1
682,6.61,22.6,1
682,6.57,22.6,1
682,5.96,22.6,1
681,6.35,22.6,1
680,6.75,22.6,1
680,5.4,22.6,1
681,6.16,22.6,1
681,5.5,22.6,1
681,6.57,22.6,1
681,6.75,22.6,1
681,6.29,22.6,1
681,6.56,22.6,1
687,6.51,22.6,1
733,5.5,22.6,1
732,6.59,22.6,1
732,5.98,22.6,1
732,6.44,22.6,1
732,6.68,22.6,1
734,6.31,22.6,1
734,6.87,22.6,1
734,5.6,22.6,1
734,4.8,22.6,1
735,6.36,22.6,1
735,6.81,22.6,1
735,6.43,22.6,1
735,6.32,22.6,1
735,6.47,22.6,1
736,6.17,22.6,1
736,4.5,22.6,1
948,6.34,22.5,1
924,5.91,22.6,1
922,6.69,22.6,1
924,6.81,22.5,1
925,6.25,22.5,1
925,6.66,22.6,1
925,6.17,22.5,1
926,6.58,22.6,1
926,5.8,22.5,1
926,6.1,22.6,1
926,6.2,22.6,1
926,6,22.6,1
926,6,22.6,1
926,6.2,22.5,1
927,5.9,22.5,1
927,6.2,22.6,1
927,6.3,22.6,1
927,6.3,22.5,1
928,6.2,22.6,1
928,6.2,22.5,1
928,6.1,22.5,1
928,5.9,22.5,1
929,6.3,22.5,1
931,6.2,22.5,1
931,6.2,22.5,1
932,6.2,22.5,1
932,5.7,22.5,1
932,6.5,22.5,1
932,6.1,22.5,1
932,6.5,22.5,1
932,5.8,22.5,1
932,5.9,22.5,1
932,5.9,22.5,1
931,6.3,22.5,1
932,6.3,22.5,1
932,6.1,22.6,1
932,6,22.5,1
932,6,22.5,1
932,6.4,22.5,1
932,6.2,22.5,1
932,6.1,22.5,1
932,6.1,22.5,1
932,6.7,22.5,1
932,6.7,22.5,1
933,6.3,22.5,1
933,6.3,22.5,1
933,6.4,22.5,1
933,6.2,22.5,1
933,6.5,22.5,1
933,6.6,22.5,1
934,6.7,22.5,1
934,6.4,22.5,1
934,6,22.5,1
934,6.7,22.5,1
934,6.3,22.5,1
936,6.1,22.5,1
934,5.9,22.5,1
934,5.7,22.5,1
934,6.2,22.5,1
936,6.2,22.5,1
934,6.5,22.5,1
934,6.2,22.5,1
936,6.3,22.5,1
934,6.2,22.5,1
936,6.2,22.5,1
936,6.5,22.5,1
936,6.3,22.5,1
936,6.2,22.5,1
936,6.2,22.5,1
936,6.3,22.5,1
936,6.13,22.4,1
936,6.36,22.5,1
936,6.4,22.5,1
936,5.66,22.5,1
936,5.82,22.5,1
936,4.9,22.5,1
934,6.09,22.4,1
1024,6.03,22.5,1
859,5.3,22.4,1
849,6.34,22.5,1
846,5.3,22.4,1
845,5.1,22.5,1
843,6.34,22.5,1
948,6.48,22.4,1
954,6.26,22.4,1
952,6.23,22.4,1
952,6.05,22.4,1
951,6.37,22.5,1
951,6.15,22.5,1
951,6.08,22.4,1
950,6.34,22.4,1
950,6.07,22.4,1
950,6.41,22.4,1
949,6.01,22.4,1
948,6.22,22.4,1
949,6.22,22.4,1
946,5.2,22.4,1
946,5.4,22.4,1
946,6.58,22.4,1
945,6.08,22.4,1
946,6.3,22.4,1
945,5.97,22.4,1
945,5.99,22.5,1
945,5.62,22.5,1
943,6.12,22.4,1
942,6.51,22.4,1
941,6.15,22.5,1
941,6.33,22.4,1
941,6.26,22.4,1
941,6.23,22.4,1
941,5.88,22.4,1
941,6.32,22.4,1
941,6.53,22.4,1
941,6.46,22.4,1
940,5.3,22.5,1
940,6.14,22.4,1
940,5.3,22.4,1
940,4.6,22.4,1
1024,6.44,22.4,1
1024,6.48,22.4,1
897,5.51,22.4,1
898,6.46,22.4,1
897,6.21,22.4,1
897,5.55,22.4,1
897,7.35,22.4,1
898,7.07,22.4,1
898,6.91,22.4,1
898,6.3,22.5,1
902,6.98,22.4,1
903,6.86,22.4,1
905,6.3,22.4,1
905,7.11,22.4,1
904,7.21,22.4,1
906,6.8,22.4,1
905,6.96,22.4,1
905,6.96,22.4,1
906,7.09,22.4,1
905,6.74,22.4,1
906,7.23,22.4,1
906,6.84,22.4,1
900,6.9,22.4,1
903,7.13,22.5,1
964,7.31,22.5,1
964,6,22.4,1
1005,6.84,22.4,1
1003,6.91,22.4,1
1002,6.94,22.4,1
1001,6.97,22.4,1
1000,6.3,22.4,1
1000,7.03,22.4,1
1000,6.4,22.4,1
999,7.08,22.4,1
999,6.97,22.4,1
1005,7.22,22.4,1
1005,6.3,22.4,1
1005,6.82,22.4,1
1005,6.72,22.5,1
1024,6.92,22.4,1
966,7.11,22.4,1
972,7.26,22.4,1
972,6.1,22.4,1
972,7.33,22.4,1
768,6.79,22.4,1
795,7.05,22.4,1
794,6.94,22.4,1
793,7.05,22.5,1
793,6.4,22.5,1
794,6.82,22.4,1
794,6.83,22.5,1
794,7.15,22.4,1
794,6.81,22.4,1
794,7.06,22.4,1
794,6.92,22.5,1
794,6.4,22.5,1
794,6.8,22.4,1
795,6.95,22.4,1
795,6.88,22.4,1
796,6.71,22.5,1
796,7.03,22.5,1
848,6.86,22.5,1
826,6.76,22.5,1
826,6.26,22.5,1
826,6.64,22.4,1
824,6.11,22.5,1
823,6.63,22.5,1
820,6.35,22.5,1
813,6.25,22.5,1
812,6.5,22.5,1
808,5.3,22.5,1
814,6.63,22.5,1
810,6.55,22.5,1
798,5.9,22.5,1
794,6.34,22.5,1
790,6.63,22.5,1
786,6.62,22.5,1
783,6.85,22.5,1
778,6.93,22.5,1
776,6.64,22.5,1
775,6.66,22.4,1
773,6.99,22.5,1
773,6.56,22.5,1
770,6.45,22.5,1
769,6.6,22.5,1
768,6.61,22.5,1
766,6.97,24.3,1
765,6.73,24.4,1
764,6.1,24.4,1
762,6.69,24.4,1
761,6.6,24.3,1
760,6.94,24.4,1
759,6.91,24.4,1
759,6,24.4,1
758,6.61,24.4,1
757,6.76,24.4,1
756,6.64,24.4,1
754,6.49,22.8,1
754,6.88,22.6,1
753,5.9,22.8,1
750,6.57,22.7,1
750,7.07,22.9,1
750,6.73,22.9,1
749,6,22.9,1
749,6.81,22.9,1
748,6,22.9,1
748,5.9,22.9,1
748,6.89,22.9,1
748,6.54,23,1
747,6.97,22.9,1
746,6.8,22.8,1
745,6.56,22.8,1
745,6.68,22.8,1
744,5.5,22.8,1
744,6.9,22.8,1
744,6.63,22.8,1
741,6.99,22.8,1
741,6.73,22.8,1
741,6.71,22.8,1
741,6.92,22.8,1
741,6.83,22.8,1
741,6.78,22.8,1
740,6.66,22.8,1
740,6.79,22.8,1
740,6.69,22.8,1
740,7.03,22.8,1
739,6.93,22.8,1
739,7.13,22.8,1
739,7.16,22.8,1
739,7.01,22.8,1
739,6.95,22.8,1
739,6.83,22.8,1
739,6.96,22.8,1
739,6.63,22.8,1
739,6.68,22.8,1
739,6.81,22.8,1
739,7.18,22.8,1
739,6.86,22.8,1
739,6.6,22.8,1
739,6.69,22.8,1
739,6.86,22.8,1
739,7.04,22.9,1
738,6.98,22.9,1
363,6.72,22.9,1
391,6.79,22.9,1
404,7.09,22.8,1
412,7.04,22.9,1
725,7.13,22.9,1
526,6.66,22.8,1
534,6.83,22.8,1
536,7.03,22.8,1
536,7.09,22.8,1
536,6.78,22.8,1
537,7.05,22.8,1
308,6.87,22.8,1
402,7.07,22.8,1
317,6.73,22.8,1
392,6.91,22.8,1
285,6.95,22.8,1
381,6.82,22.8,1
413,6.78,22.8,1
425,,22.9,1
402,6.97,22.9,1
412,7.06,22.9,1
424,7.04,22.9,1
428,7.13,22.8,1
429,7.08,22.9,1
433,6.41,22.9,1
6,7.08,22.9,1
434,7.1,22.9,1
436,7.08,22.9,1
437,7,22.9,1
437,6.93,22.9,1
438,7.04,22.9,1
438,6.69,22.8,1
427,7.2,22.9,1
905,6.99,22.8,1
321,7.01,22.8,1
313,7.06,22.9,1
413,7.09,22.8,1
440,5.75,22.9,1
397,7.05,22.8,1
415,7.03,22.8,1
416,7.05,22.8,1
416,6.78,22.9,1
546,6.97,22.8,1
547,6.85,22.9,1
237,7.12,22.8,1
328,6.96,22.8,1
343,6.1,22.8,1
405,6.95,22.8,1
325,6.96,22.8,1
433,6.91,22.8,1
447,7.05,22.8,1
277,6.91,22.8,1
384,7.05,22.8,1
356,7.09,22.8,1
248,6.33,22.8,1
310,7.03,22.8,1
441,6.98,22.8,1
449,6.5,22.8,1
450,7.11,22.8,1
451,6.97,22.8,1
454,7.12,22.8,1
456,7.13,22.8,1
457,7.04,22.8,1
459,7,22.8,1
459,6.66,22.8,1
459,6.63,22.8,1
459,6.75,22.8,1
458,6.46,22.8,1
459,6.7,22.7,1
457,6.35,22.7,1
457,6.65,22.7,1
457,6.44,22.7,1
457,6.7,22.7,1
457,6.43,22.7,1
457,6.58,22.7,1
457,6.76,22.7,1
457,6.43,22.7,1
457,6.99,22.7,1
456,6.88,22.7,1
456,6.66,22.7,1
456,6.85,22.7,1
456,6.73,22.7,1
456,6.43,22.7,1
456,6.92,22.7,1
456,6.67,22.7,1
456,6.72,22.7,1
454,6.53,22.7,1
454,6.85,22.7,1
454,6.61,22.7,1
454,6.67,22.7,1
454,6.67,22.7,1
454,6.86,22.7,1
454,6.66,22.7,1
454,6.52,22.7,1
453,6.47,22.7,1
453,6.51,22.7,1
453,7.03,22.7,1
452,6.4,22.7,1
452,6.76,22.7,1
452,6.89,22.7,1
452,6.79,22.7,1
452,6.67,22.7,1
451,6.75,22.7,1
451,6.57,22.7,1
452,6.61,22.7,1
452,6.64,22.7,1
451,6.75,22.7,1
451,6.86,22.7,1
451,6.71,22.7,1
451,6.66,22.7,1
451,6.2,22.7,1
451,6.87,22.7,1
451,6.87,22.7,1
451,6.76,22.7,1
451,6.41,22.7,1
451,6.65,22.7,1
451,6.69,22.7,1
451,6.65,22.7,1
451,6.53,22.7,1
451,6.7,22.7,1
451,6.93,22.7,1
451,5.3,22.7,1
451,6.71,22.7,1
451,6.74,22.7,1
446,7.06,22.7,1
442,6.48,22.7,1
442,6.58,22.7,1
441,6,22.7,1
441,6.67,22.7,1
440,6.92,22.6,1
440,6.69,22.6,1
440,6.1,22.7,1
440,6.65,22.7,1
439,6.69,22.6,1
439,6.68,22.6,1
439,5.8,22.7,1
439,6.89,22.6,1
438,6.88,22.6,1
438,6.6,22.6,1
438,6.64,22.6,1
438,6.92,22.6,1
437,6.56,22.6,1
437,6.45,22.6,1
437,6.49,22.6,1
437,6.63,22.6,1
437,6.77,22.6,1
437,6.6,22.6,1
437,5.9,22.6,1
437,6.79,22.6,1
437,6.64,22.6,1
437,5.7,22.6,1
437,6.64,22.6,1
436,6.58,22.6,1
436,6.94,22.6,1
436,6.76,22.6,1
436,6.63,22.6,1
436,5.8,22.6,1
435,6.92,22.6,1
435,5.4,22.6,1
434,6.62,22.6,1
434,6.5,22.6,1
434,6.47,22.6,1
434,6.89,22.6,1
434,6.51,22.6,1
434,6.78,22.7,1
434,6.95,22.7,1
434,6.48,22.6,1
496,6.56,22.6,1
266,6.63,22.7,1
296,6.94,22.6,1
321,6.91,22.6,1
344,6.15,22.6,1
361,7.28,22.6,1
369,7.11,22.6,1
375,7.1,22.6,1
378,6.76,22.6,1
380,6.85,22.6,1
382,6.47,22.6,1
386,7.24,22.6,1
387,7.35,22.6,1
388,6.93,22.6,1
389,7.31,22.6,1
390,7.18,22.6,1
391,6.83,22.6,1
392,6.96,22.6,1
392,6.87,22.6,1
393,6.92,22.6,1
394,6.85,22.6,1
394,6.84,22.6,1
396,7.32,22.6,1
397,6.95,22.6,1
397,6.91,22.6,1
649,7.33,22.6,1
657,6.91,22.6,1
579,7.32,22.6,1
581,7.38,22.6,1
582,7.19,22.6,1
585,6.83,22.6,1
586,7.3,22.6,1
586,6.87,22.6,1
588,6.99,22.6,1
588,7.02,22.6,1
588,6.66,22.6,1
588,6.93,22.6,1
589,6.87,22.6,1
589,6.77,22.6,1
588,6.8,22.6,1
589,6.8,22.6,1
589,6.78,22.6,1
589,7.39,22.5,1
296,6.81,22.6,1
415,6.38,22.6,1
438,7.19,22.5,1
441,6.11,22.5,1
446,6.27,22.6,1
447,6.69,22.5,1
448,6.63,22.6,1
448,6.27,22.5,1
450,7.16,22.6,1
452,6.4,22.6,1
662,6.62,22.6,1
266,6.93,22.6,1
394,6.81,22.5,1
415,5.74,22.5,1
429,6.58,22.6,1
430,6.82,22.6,1
430,6.89,22.5,1
430,6.51,22.6,1
432,6.28,22.5,1
430,7.02,22.5,1
430,7.17,22.5,1
430,7.24,22.5,1
432,7.35,22.5,1
432,6.55,22.5,1
433,6.3,22.5,1
433,7.45,22.5,1
433,6.62,22.5,1
433,6.74,22.5,1
433,6.76,22.5,1
433,6.92,22.5,1
433,6.94,22.5,1
433,6.76,22.5,1
433,7.35,22.5,1
433,7.23,22.5,1
432,6.89,22.6,1
432,6.59,22.5,1
567,6.54,22.5,1
568,7.05,22.5,1
605,6.1,22.5,1
355,5.96,22.5,1
344,6.65,22.5,1
355,6.54,22.5,1
390,6.13,22.5,1
402,6.75,22.5,1
408,6.67,22.5,1
413,7.02,22.5,1
415,6.76,22.5,1
416,6.86,22.5,1
417,6.64,22.5,1
422,6.72,22.5,1
424,6.78,22.5,1
426,6.73,22.5,1
427,6.73,22.5,1
427,6.62,22.5,1
427,6.56,22.5,1
427,6.88,22.5,1
469,6.46,22.5,1
469,6.49,22.5,1
450,6.61,22.5,1
451,6.66,22.5,1
461,6.79,22.5,1
513,6.86,22.5,1
543,6.59,22.5,1
543,6.63,22.5,1
542,6.69,22.5,1
541,6.55,22.5,1
538,6.93,22.5,1
538,6.67,22.5,1
538,6.5,22.5,1
537,6.41,22.4,1
785,6.74,22.5,1
783,6.79,22.5,1
700,6.66,22.5,1
497,6.82,22.5,1
508,6.89,22.5,1
511,6.84,22.4,1
513,6.88,22.5,1
549,6.13,22.4,1
1024,6.79,22.5,1
794,6.58,22.4,1
818,6.93,22.5,1
818,6.86,22.5,1
818,6.78,22.4,1
820,6.48,22.4,1
820,6.95,22.4,1
820,6.79,22.4,1
821,6.64,22.5,1
821,6.71,22.5,1
821,6.57,22.4,1
821,6.85,22.4,1
821,6.57,22.4,1
821,6.58,22.4,1
822,6.56,22.4,1
821,6.37,22.4,1
822,6.64,22.4,1
822,6.39,22.4,1
822,6.43,22.4,1
822,6.9,22.4,1
822,7.01,22.4,1
822,6.75,22.4,1
822,6.6,22.4,1
822,6.81,22.5,1
1024,6.87,22.5,1
1024,6.97,22.4,1
834,6.96,22.4,1
1024,6.68,22.5,1
214,6.3,22.4,1
249,6.63,22.4,1
268,6.67,22.4,1
328,6.88,22.4,1
267,6.75,22.4,1
292,6.78,22.4,1
850,6.73,22.4,1
846,7.01,22.5,1
842,6.78,22.4,1
841,6.61,22.4,1
840,7.08,22.4,1
838,6.55,22.4,1
500,6.57,22.4,1
834,6.66,22.4,1
317,7,22.4,1
288,6.9,22.4,1
300,6.75,22.4,1
313,6.92,22.4,1
267,6.79,22.4,1
339,6.81,22.4,1
456,6.68,22.5,1
249,6.7,22.4,1
290,6.99,22.4,1
317,6.48,22.4,1
278,6.73,22.4,1
308,6.36,22.4,1
315,6.44,22.4,1
267,6.99,22.4,1
392,6.92,22.4,1
261,6.6,22.4,1
280,6.67,22.4,1
301,6.65,22.4,1
325,6.69,22.4,1
332,6.91,22.4,1
306,6.84,22.5,1
315,6.87,22.5,1
329,6.73,22.4,1
334,6.45,22.4,1
331,6.84,22.4,1
334,6.96,22.4,1
272,7,22.4,1
266,6.6,22.4,1
256,6.7,22.4,1
257,6.83,22.4,1
247,6.72,22.4,1
397,6.8,22.4,1
337,6.07,22.4,1
340,6.6,22.4,1
312,6.46,22.4,1
310,6.82,22.5,1
310,6.88,22.4,1
315,6.81,22.4,1
313,6.74,22.4,1
339,6.7,22.4,1
297,6.64,22.4,1
288,6.66,22.4,1
259,6.61,22.4,1
230,5.98,22.4,1
233,6.98,22.5,1
236,6.6,22.5,1
237,6.99,22.4,1
240,6.69,22.5,1
244,6.88,22.4,1
242,7.04,22.4,1
291,6.25,22.4,1
281,6.77,22.5,1
283,6.79,22.5,1
291,7.27,22.4,1
294,6.61,22.4,1
290,7.09,22.4,1
316,7.24,22.5,1
368,6.58,22.5,1
360,6.54,22.5,1
306,6.83,22.5,1
334,6.76,22.5,1
355,6.56,22.4,1
413,6.92,22.5,1
440,7.18,22.5,1
334,6.49,22.5,1
309,6.3,22.5,1
307,6.96,22.5,1
307,6.79,22.5,1
307,6.59,22.5,1
307,6.43,22.5,1
303,6.54,22.5,1
307,6.85,22.5,1
307,6.9,22.5,1
209,6.65,22.5,1
209,6.95,22.5,1
207,6.06,22.5,1
208,6.78,22.5,1
188,7.02,22.4,1
195,7.17,22.5,1
196,6.76,22.5,1
195,6.8,22.5,1
196,6.77,22.5,1
197,6.79,22.5,1
197,6.66,24.3,1
199,6.8,24.4,1
199,6.4,24.4,1
198,6.26,24.4,1
200,6.78,24.3,1
209,6.79,24.4,1
214,7.12,24.4,1
310,6.29,24.4,1
277,6.4,24.4,1
282,6.63,24.4,1
282,6.9,24.4,1
297,6.64,22.8,1
297,6.16,22.6,1
297,6.32,22.8,1
199,6.68,22.7,1
201,6.61,22.9,1
320,6.84,22.9,1
256,6.58,22.9,1
256,6.91,22.9,1
255,6.3,22.9,1
255,6.2,22.9,1
255,5.88,22.9,1
255,6.47,23,1
209,6.64,22.9,1
214,6.52,22.8,1
218,6.41,22.8,1
221,6.2,22.8,1
223,6.4,22.8,1
224,6.47,22.8,1
224,6.6,22.8,1
225,6.69,22.8,1
225,6.56,22.8,1
225,6.71,22.8,1
226,6.46,22.8,1
226,6.7,22.8,1
226,6.19,22.8,1
226,6.61,22.8,1
226,6.64,22.8,1
226,6.42,22.8,1
226,6.6,22.8,1
228,6.53,22.8,1
226,6.33,22.8,1
228,6.56,22.8,1
228,6.58,22.8,1
261,6.3,22.8,1
262,6.36,22.8,1
262,6.44,22.8,1
264,6.58,22.8,1
264,6.16,22.8,1
264,6.5,22.8,1
264,5.73,22.8,1
264,6.9,22.8,1
264,6.36,22.8,1
264,6.6,22.8,1
249,6.41,22.8,1
253,6.58,22.9,1
254,6.32,22.9,1
254,5.45,22.9,1
254,6.03,22.9,1
254,6.21,22.8,1
255,5.33,22.9,1
255,5.22,22.9,1
255,5.8,22.8,1
255,5.27,22.8,1
255,5.99,22.8,1
278,5.24,22.8,1
264,5.77,22.8,1
298,5.67,22.8,1
302,6.13,22.8,1
293,6.03,22.8,1
292,5.9,22.8,1
292,5.67,22.8,1
291,5.73,22.8,1
300,5.88,22.8,1
298,5.67,22.8,1
298,6.14,22.9,1
298,5.83,22.9,1
298,6.15,22.9,1
297,5.63,22.9,1
298,5.63,22.8,1
298,5.41,22.9,1
298,6.07,22.9,1
297,5.53,22.9,1
297,5.47,22.9,1
298,5.89,22.9,1
298,5.9,22.9,1
298,5.97,22.9,1
298,5.84,22.9,1
297,6,22.8,1
297,5.85,22.9,1
297,5.5,22.8,1
296,5.58,22.8,1
297,5.47,22.9,1
297,5.77,22.8,1
297,5.87,22.9,1
297,5.4,22.8,1
297,5.88,22.8,1
297,6.08,22.8,1
296,6.16,22.9,1
296,5.69,22.8,1
296,5.77,22.9,1
296,5.71,22.8,1
296,5.87,22.8,1
296,5.75,22.8,1
296,5.87,22.8,1
296,5.66,22.8,1
296,5.79,22.8,1
296,5.75,22.8,1
296,5.79,22.8,1
296,5.71,22.8,1
296,5.84,22.8,1
296,5.64,22.8,1
296,5.71,22.8,1
296,5.52,22.8,1
297,5.6,22.8,1
300,5.63,22.8,1
202,5.52,22.8,1
297,5.71,22.8,1
297,5.46,22.8,1
297,5.77,22.8,1
391,5.32,22.8,1
297,5.53,22.8,1
297,5.64,22.8,1
297,5.3,22.8,1
297,5.7,22.8,1
209,5.45,22.7,1
220,5.94,22.7,1
256,5.58,22.7,1
229,5.8,22.7,1
291,6,22.7,1
293,5.6,22.7,1
293,5.79,22.7,1
293,5.65,22.7,1
293,5.64,22.7,1
293,5.85,22.7,1
293,5.14,22.7,1
293,5.99,22.7,1
293,5.55,22.7,1
293,5.65,22.7,1
293,5.68,22.7,1
293,5.79,22.7,1
296,5.82,22.7,1
296,5.72,22.7,1
296,5.62,22.7,1
300,5.71,22.7,1
301,5.79,22.7,1
307,5.39,22.7,1
309,5.85,22.7,1
310,5.45,22.7,1
309,5.67,22.7,1
316,5.87,22.7,1
310,5.57,22.7,1
310,5.69,22.7,1
312,5.84,22.7,1
313,5.6,22.7,1
312,5.87,22.7,1
312,5.61,22.7,1
312,5.56,22.7,1
310,5.88,22.7,1
310,5.63,22.7,1
309,5.42,22.7,1
309,5.84,22.7,1
309,5.72,22.7,1
309,5.64,22.7,1
309,5.73,22.7,1
309,5.45,22.7,1
308,5.63,22.7,1
308,5.64,22.7,1
308,5.72,22.7,1
308,5.62,22.7,1
308,5.69,22.7,1
308,5.5,22.7,1
308,5.76,22.7,1
309,5.46,22.7,1
309,5.33,22.7,1
309,5.54,22.7,1
309,5.74,22.7,1
308,5.61,22.7,1
308,5.73,22.7,1
308,5.41,22.7,1
308,5.76,22.7,1
308,5.59,22.7,1
308,5.62,22.7,1
308,5.61,22.7,1
308,5.38,22.7,1
308,5.54,22.7,1
308,5.56,22.6,1
308,5.52,22.6,1
308,5.96,22.7,1
308,5.62,22.7,1
308,5.56,22.6,1
308,5.43,22.6,1
308,5.46,22.7,1
309,5.78,22.6,1
309,5.8,22.6,1
308,6.57,22.6,1
308,5.35,22.6,1
309,6.03,22.6,1
309,6.16,22.6,1
308,6.29,22.6,1
309,6.27,22.6,1
308,6.19,22.6,1
309,6.33,22.6,1
309,5.74,22.6,1
308,6.24,22.6,1
309,6.26,22.6,1
308,6.05,22.6,1
309,6.24,22.6,1
309,5.46,22.6,1
313,6.32,22.6,1
310,6.13,22.6,1
309,5.96,22.6,1
310,6.35,22.6,1
317,5.31,22.6,1
313,6.53,22.6,1
1024,6.41,22.6,1
1024,6.32,22.6,1
1024,6.3,22.6,1
1024,5.84,22.6,1
1024,5.61,22.6,1
1024,6.41,22.6,1
1024,5.51,22.7,1
1024,5.43,22.7,1
1024,6.09,22.6,1
1024,5.45,22.6,1
1024,5.74,22.7,1
1024,5.89,22.6,1
1024,6.24,22.6,1
1024,6.15,22.6,1
1024,5.13,22.6,1
1024,5.88,22.6,1
1024,5.97,22.6,1
1024,6.35,22.6,1
1024,6.23,22.6,1
1024,6.13,22.6,1
1024,5.66,22.6,1
1024,5.95,22.6,1
1024,5.73,22.6,1
1024,5.91,22.6,1
1024,6.4,22.6,1
1024,5.96,22.6,1
1024,5.5,22.6,1
1024,5.02,22.6,1
1024,5.43,22.6,1
1024,5.42,22.6,1
1024,5.38,22.6,1
1024,5.38,22.6,1
1024,5.23,22.6,1
1024,5.04,22.6,1
1024,5.2,22.6,1
1024,5.5,22.6,1
1024,5.08,22.6,1
1024,5.58,22.6,1
1024,5.38,22.6,1
1024,5.45,22.6,1
1024,5.01,22.6,1
1024,5.47,22.6,1
1024,5.75,22.6,1
1024,5.28,22.6,1
1024,5.41,22.6,1
1024,5.34,22.6,1
1024,5.58,22.6,1
1024,5.24,22.6,1
1024,5.39,22.6,1
1024,5.58,22.6,1
1024,4.87,22.6,1
1024,5.56,22.5,1
1024,5.06,22.6,1
1024,5.38,22.6,1
1024,5.52,22.5,1
1024,5.2,22.5,1
1024,5.35,22.6,1
1024,4.98,22.5,1
1024,5.52,22.6,1
1024,5.14,22.5,1
1024,5.33,22.6,1
1024,5.52,22.6,1
1024,5.14,22.6,1
1024,5.55,22.6,1
1024,6.13,22.5,1
1024,5.45,22.5,1
1024,5.62,22.6,1
1024,5.23,22.6,1
1024,6.52,22.5,1
1024,6.4,22.6,1
1024,6.71,22.5,1
1024,5.85,22.5,1
1024,6.69,22.5,1
1024,6.49,22.5,1
1024,6.77,22.5,1
1024,6.24,22.5,1
1024,6.57,22.5,1
1024,6.73,22.5,1
1024,6.81,22.5,1
1024,6.57,22.5,1
1024,6.48,22.5,1
1024,6.62,22.5,1
1024,6.64,22.5,1
1024,6.58,22.5,1
1024,6.69,22.5,1
1024,6.31,22.5,1
1024,6.27,22.6,1
1024,6.75,22.5,1
1024,6.21,22.5,1
1024,6.48,22.5,1
1024,6.47,22.5,1
1024,6.01,22.5,1
1024,6.76,22.5,1
1024,6.59,22.5,1
1024,6.15,22.5,1
1024,6.5,22.5,1
1024,6.4,22.5,1
1024,6.33,22.5,1
1024,6.64,22.5,1
1024,6.56,22.5,1
1024,6.03,22.5,1
1024,6.21,22.5,1
1024,6.5,22.5,1
1024,6.57,22.5,1
1024,6.6,22.5,1
1024,6.62,22.5,1
1024,5.7,22.5,1
1024,6.77,22.5,1
1024,6.7,22.5,1
1024,6.34,22.5,1
1024,6.63,22.5,1
813,6.6,22.5,1
828,6.41,22.5,1
826,6.44,22.5,1
829,6.57,22.5,1
829,6.69,22.5,1
829,5.58,22.5,1
830,6.33,22.5,1
831,6.51,22.5,1
832,6.65,22.5,1
832,6.22,22.5,1
834,6.43,22.4,1
834,6.81,22.5,1
834,6.37,22.5,1
1024,6.4,22.5,1
951,6.32,22.5,1
950,6.83,22.5,1
952,5.66,22.4,1
953,6.9,22.5,1
953,6.87,22.4,1
953,6.81,22.5,1
952,6.06,22.4,1
953,6.56,22.5,1
953,6.46,22.5,1
952,5.42,22.4,1
953,6.51,22.4,1
952,6.33,22.4,1
952,6.22,22.4,1
952,5.81,22.5,1
951,6.31,22.5,1
952,6.44,22.4,1
951,6.57,22.4,1
951,6.29,22.4,1
951,6.32,22.4,1
952,6.47,22.4,1
952,6.56,22.4,1
952,6.71,22.4,1
952,6.51,22.4,1
952,6.39,22.4,1
952,6,22.4,1
952,6.38,22.4,1
952,6.62,22.4,1
952,6.83,22.4,1
952,6.68,22.5,1
952,6.53,22.5,1
952,6.61,22.4,1
952,6.63,22.4,1
952,5.38,22.5,1
952,6,22.4,1
953,6.43,22.4,1
952,6.65,22.4,1
953,6.69,22.4,1
953,6.35,22.4,1
953,6.23,22.4,1
952,6.56,22.4,1
953,6.65,22.5,1
954,6.09,22.4,1
953,6.62,22.4,1
953,6.33,22.4,1
953,6.43,22.4,1
953,6.31,22.4,1
953,6.48,22.4,1
952,5.9,22.4,1
953,6.26,22.4,1
953,6.27,22.4,1
953,6.53,22.4,1
953,6.6,22.4,1
953,6.61,22.4,1
953,6.63,22.5,1
1017,6.42,22.4,1
990,6.63,22.4,1
989,6.14,22.4,1
908,5.92,22.4,1
908,6.31,22.4,1
906,6.37,22.4,1
905,6.06,22.4,1
905,6.29,22.4,1
903,5.88,22.4,1
903,6.67,22.4,1
903,6.3,22.4,1
902,6.29,22.4,1
903,6.32,22.4,1
903,6.53,22.5,1
903,6.32,22.5,1
903,5.45,22.4,1
903,6.43,22.4,1
904,6.58,22.4,1
905,5.53,22.4,1
905,6.41,22.4,1
1024,6.45,22.4,1
772,6.46,22.4,1
769,6.42,22.4,1
769,6.54,22.4,1
769,6.01,22.4,1
770,6.05,22.4,1
320,6.68,22.4,1
321,6.48,22.4,1
321,6.16,22.5,1
321,6.49,22.4,1
322,5.57,22.4,1
322,6.52,22.4,1
324,6.06,22.4,1
327,6.49,22.4,1
325,6.5,22.4,1
325,6.62,22.4,1
326,5.84,22.4,1
326,6.5,22.5,1
327,6.24,22.5,1
1021,6.33,22.4,1
1021,6,22.5,1
1022,6.47,22.4,1
1023,6.46,22.4,1
1023,6.4,22.4,1
1023,6.29,22.5,1
1023,5.61,22.5,1
1023,6.31,22.4,1
1023,5.82,22.4,1
1024,6.59,22.4,1
1023,6.17,22.5,1
1023,6.48,22.5,1
1024,6.43,22.5,1
1024,6.04,22.5,1
1024,6.2,22.5,1
1024,6.6,22.4,1
1024,5.99,22.5,1
1024,5.84,22.5,1
1024,6.42,22.5,1
1024,6.01,22.5,1
1024,6.08,22.5,1
1024,6.07,22.5,1
1024,5.61,22.5,1
1024,6.6,22.5,1
1024,6.11,22.5,1
1024,6.02,22.5,1
1024,5.97,22.5,1
1024,6.33,22.5,1
1024,5.95,22.5,1
1024,5.27,22.5,1
1024,5.97,22.5,1
1024,5.77,22.4,1
1024,5.91,22.5,1
1024,6.28,22.5,1
1024,6.03,22.5,1
1024,6.32,22.5,1
1024,6.18,22.5,1
1024,6.36,24.3,1
725,6.03,24.4,1
720,5.58,24.4,1
716,6.2,24.4,1
710,6.45,24.3,1
710,6.75,24.4,1
716,6.28,24.4,1
708,6.33,24.4,1
705,6.28,24.4,1
703,5.76,24.4,1
702,5.67,24.4,1
706,6.21,22.8,1
705,6.46,22.6,1
703,6.33,22.8,1
702,5.96,22.7,1
702,6.02,22.9,1
702,5.75,22.9,1
701,6.23,22.9,1
699,6.57,22.9,1
697,6.56,22.9,1
696,6.53,22.9,1
697,5.47,22.9,1
696,6.53,23,1
694,6.11,22.9,1
696,6.68,22.8,1
696,5.94,22.8,1
694,5.9,22.8,1
694,6.03,22.8,1
694,5.99,22.8,1
694,6.6,22.8,1
694,6,22.8,1
694,6.41,22.8,1
694,6.25,22.8,1
696,6.46,22.8,1
696,6.8,22.8,1
694,6.29,22.8,1
697,6.38,22.8,1
696,6.29,22.8,1
697,6.52,22.8,1
697,6.73,22.8,1
697,6.08,22.8,1
697,5.89,22.8,1
700,6.04,22.8,1
701,5.42,22.8,1
700,5.53,22.8,1
700,6.43,22.8,1
697,6.68,22.8,1
696,6.28,22.8,1
696,5.74,22.8,1
693,6.53,22.8,1
693,6.39,22.8,1
694,6.4,22.8,1
696,6.55,22.8,1
694,6.26,22.8,1
694,6.12,22.8,1
694,6.2,22.9,1
696,6.57,22.9,1
693,6.62,22.9,1
692,6.09,22.9,1
692,6.49,22.8,1
693,5.84,22.9,1
694,6.67,22.9,1
694,6.65,22.8,1
682,5.69,22.8,1
685,6.56,22.8,1
682,6.47,22.8,1
684,6.52,22.8,1
684,6.62,22.8,1
682,6.46,22.8,1
681,5.84,22.8,1
681,6.61,22.8,1
681,6.49,22.8,1
682,6.6,22.8,1
677,6.54,22.8,1
675,6.52,22.8,1
675,6.24,22.9,1
674,5.98,22.9,1
674,6.35,22.9,1
674,6.22,22.9,1
674,6.27,22.8,1
674,6.55,22.9,1
673,6.13,22.9,1
673,6.48,22.9,1
673,6.59,22.9,1
673,6.08,22.9,1
672,6.49,22.9,1
672,5.68,22.9,1
672,6.56,22.9,1
673,6.39,22.8,1
673,6.59,22.9,1
672,6.19,22.8,1
672,6.28,22.8,1
672,6.37,22.9,1
672,6.32,22.8,1
672,6.56,22.9,1
672,6.44,22.8,1
670,6.58,22.8,1
670,6.66,22.8,1
669,6.39,22.9,1
669,6.35,22.8,1
668,6.52,22.9,1
668,6.46,22.8,1
667,6.55,22.8,1
667,6.46,22.8,1
667,6.47,22.8,1
666,6.55,22.8,1
666,6.55,22.8,1
666,6.39,22.8,1
666,5.92,22.8,1
666,6.56,22.8,1
665,5.69,22.8,1
665,6.42,22.8,1
663,6.46,22.8,1
664,6.33,22.8,1
664,6.32,22.8,1
664,6.49,22.8,1
663,5.87,22.8,1
664,6.61,22.8,1
663,6.47,22.8,1
663,6.42,22.8,1
557,6.51,22.8,1
573,6.74,22.8,1
570,6.3,22.8,1
568,6.62,22.8,1
567,6.55,22.8,1
564,6.54,22.7,1
562,6.06,22.7,1
561,6.23,22.7,1
561,6.67,22.7,1
560,6.52,22.7,1
559,6.47,22.7,1
557,6.47,22.7,1
557,6.49,22.7,1
557,6.5,22.7,1
557,6.32,22.7,1
556,6.59,22.7,1
556,6.39,22.7,1
555,6.42,22.7,1
555,6.55,22.7,1
555,6.34,22.7,1
555,6.64,22.7,1
555,5.72,22.7,1
555,6.49,22.7,1
680,6.41,22.7,1
677,6.44,22.7,1
676,6.37,22.7,1
676,6.33,22.7,1
677,6.38,22.7,1
678,6.47,22.7,1
677,6.34,22.7,1
676,6.34,22.7,1
676,6.24,22.7,1
676,6.61,22.7,1
676,6.57,22.7,1
677,6.26,22.7,1
676,6.36,22.7,1
676,6.05,22.7,1
677,5.97,22.7,1
677,6.49,22.7,1
677,6.27,22.7,1
678,6.57,22.7,1
677,6.73,22.7,1
676,6.53,22.7,1
676,6.64,22.7,1
676,6.32,22.7,1
676,5.69,22.7,1
676,6.7,22.7,1
415,6.22,22.7,1
442,6.48,22.7,1
447,6.06,22.7,1
447,6.35,22.7,1
447,6.23,22.7,1
447,6.45,22.7,1
446,6.39,22.7,1
446,6.65,22.7,1
445,6.25,22.7,1
442,6.2,22.7,1
442,6.39,22.7,1
441,6.64,22.7,1
441,6.49,22.7,1
440,6.17,22.7,1
440,6.2,22.7,1
439,6.64,22.7,1
439,6.55,22.7,1
439,6.68,22.7,1
437,6.28,22.7,1
437,6.46,22.6,1
436,6.69,22.6,1
436,6.5,22.7,1
436,6.46,22.7,1
434,6.56,22.6,1
434,6.65,22.6,1
433,6.75,22.7,1
433,6.84,22.6,1
433,6.67,22.6,1
433,6.46,22.6,1
432,6.46,22.6,1
432,6.6,22.6,1
541,6.43,22.6,1
543,6.56,22.6,1
542,5.25,22.6,1
542,6.51,22.6,1
543,5.41,22.6,1
543,6.67,22.6,1
543,6.71,22.6,1
543,6.63,22.6,1
543,6.48,22.6,1
543,5.76,22.6,1
543,6.58,22.6,1
544,6.52,22.6,1
544,6.51,22.6,1
544,6.62,22.6,1
544,6.41,22.6,1
545,6.52,22.6,1
545,6.05,22.6,1
545,6.62,22.6,1
545,6.47,22.6,1
545,6.46,22.6,1
545,6.71,22.6,1
545,6.55,22.6,1
546,6.38,22.6,1
546,5.57,22.7,1
546,6.15,22.7,1
546,6.32,22.6,1
546,6.48,22.6,1
546,6.51,22.7,1
546,6.45,22.6,1
546,6.44,22.6,1
546,6.29,22.6,1
546,6.37,22.6,1
546,6.52,22.6,1
546,6.36,22.6,1
546,6.09,22.6,1
547,5.68,22.6,1
547,6.29,22.6,1
547,6.21,22.6,1
547,6.63,22.6,1
547,6.14,22.6,1
547,6.02,22.6,1
547,6.4,22.6,1
547,6.31,22.6,1
547,6.33,22.6,1
547,6.11,22.6,1
547,5.98,22.6,1
547,6.36,22.6,1
547,6.13,22.6,1
547,6.39,22.6,1
547,6.26,22.6,1
547,6.26,22.6,1
547,6.24,22.6,1
547,6.36,22.6,1
547,5.61,22.6,1
547,6.33,22.6,1
547,6.57,22.6,1
547,6.06,22.6,1
547,6.03,22.6,1
547,6.47,22.6,1
547,6.58,22.6,1
547,6.31,22.6,1
547,6.38,22.6,1
547,6.47,22.6,1
547,6.57,22.6,1
547,6.5,22.6,1
547,6.12,22.6,1
547,6.41,22.6,1
547,6.5,22.6,1
547,6.68,22.5,1
547,6.06,22.6,1
547,5.97,22.6,1
548,6.57,22.5,1
549,6.65,22.5,1
549,6.45,22.6,1
547,6.74,22.5,1
548,6.38,22.6,1
548,6.61,22.5,1
548,6.56,22.6,1
548,5.84,22.6,1
549,5.69,22.6,1
548,6.69,22.6,1
549,6.65,22.5,1
549,6.6,22.5,1
549,6.69,22.6,1
549,6.45,22.6,1
549,6.49,22.5,1
549,6.16,22.6,1
549,5.7,22.5,1
549,6.6,22.5,1
549,5.88,22.5,1
549,6.47,22.5,1
549,6.57,22.5,1
548,6.57,22.5,1
548,6.6,22.5,1
549,6.31,22.5,1
548,6.63,22.5,1
548,6.47,22.5,1
548,6.78,22.5,1
549,6.25,22.5,1
549,6.49,22.5,1
549,6.78,22.5,1
549,6.44,22.5,1
548,6.57,22.5,1
548,6.13,22.6,1
689,6.33,22.5,1
691,6.45,22.5,1
691,6.72,22.5,1
692,6.31,22.5,1
692,6.54,22.5,1
693,6.57,22.5,1
694,6.73,22.5,1
694,6.47,22.5,1
694,5.39,22.5,1
694,6.36,22.5,1
694,6.59,22.5,1
696,6.38,22.5,1
696,6.1,22.5,1
696,6.27,22.5,1
696,6.11,22.5,1
689,6.44,22.5,1
689,6.01,22.5,1
689,6.04,22.5,1
689,6.31,22.5,1
689,6.23,22.5,1
689,5.69,22.5,1
689,6.69,22.5,1
689,6.25,22.5,1
690,6.35,22.5,1
689,6.54,22.5,1
689,6.25,22.5,1
690,6.09,22.5,1
690,6.06,22.5,1
690,6.07,22.5,1
690,5.92,22.5,1
690,6.52,22.5,1
691,6.5,22.5,1
691,6.08,22.5,1
690,6.69,22.5,1
691,6.41,22.4,1
691,6.32,22.5,1
710,5.58,22.5,1
718,6.49,22.5,1
720,6.4,22.5,1
721,6.4,22.5,1
721,5.97,22.4,1
721,5.98,22.5,1
721,6.3,22.4,1
721,6,22.5,1
722,6.44,22.4,1
722,6.39,22.5,1
722,6.28,22.5,1
722,6.43,22.4,1
722,6.71,22.4,1
722,6.22,22.4,1
723,5.75,22.4,1
722,6.35,22.5,1
725,6.29,22.5,1
724,6.44,22.4,1
725,5.68,22.4,1
724,6,22.4,1
724,6.57,22.4,1
725,6.46,22.4,1
725,5.62,22.4,1
725,6.13,22.4,1
725,5.89,22.4,1
725,6.17,22.4,1
725,6.44,22.4,1
725,5.29,22.4,1
726,6.05,22.4,1
726,6.19,22.4,1
725,6.63,22.5,1
726,6.25,22.5,1
726,5.57,22.4,1
726,6.05,22.4,1
726,6.29,22.5,1
726,6.16,22.4,1
726,6.33,22.4,1
726,6.11,22.4,1
726,6.02,22.4,1
726,5.87,22.4,1
726,5.91,22.4,1
726,6.28,22.4,1
726,6.21,22.5,1
726,5.89,22.4,1
726,6.44,22.4,1
726,6.26,22.4,1
726,6.43,22.4,1
726,6.57,22.4,1
727,5.77,22.4,1
727,6.14,22.4,1
726,6.13,22.4,1
727,6.32,22.4,1
727,6.09,22.4,1
727,6.18,22.4,1
727,5.42,22.4,1
727,6.52,22.5,1
727,6.25,22.4,1
729,5.87,22.4,1
729,5.98,22.4,1
728,6.22,22.4,1
727,6.36,22.4,1
728,6.16,22.4,1
728,6.6,22.4,1
728,6.44,22.4,1
728,6.15,22.4,1
728,6.04,22.4,1
728,6.8,22.4,1
730,6.47,22.4,1
730,6.75,22.4,1
732,6.5,22.5,1
732,6.69,22.5,1
733,6.47,22.4,1
732,6.43,22.4,1
734,6.25,22.4,1
734,6.38,22.4,1
734,6.63,22.4,1
734,6.6,22.4,1
734,6.66,22.4,1
734,6.77,22.4,1
735,6.65,22.4,1
735,6.4,22.4,1
735,6.52,22.4,1
735,6.5,22.4,1
736,6.22,22.4,1
736,6.44,22.5,1
736,6.65,22.4,1
736,6.57,22.4,1
736,6.74,22.4,1
736,6.62,22.4,1
736,6.78,22.4,1
736,5.67,22.4,1
736,6.42,22.4,1
737,6.6,22.4,1
737,5.4,22.5,1
738,6.35,22.5,1
738,6.38,22.4,1
738,6.55,22.5,1
738,6.67,22.4,1
738,6.25,22.4,1
738,6.75,22.4,1
738,6.64,22.5,1
738,6.64,22.5,1
738,5.85,22.4,1
738,6.6,22.4,1
739,6.35,22.4,1
739,6.47,22.5,1
739,6,22.5,1
739,5.83,22.5,1
739,5.33,22.5,1
739,6.53,22.5,1
739,6.8,22.4,1
739,6.53,22.5,1
739,6.33,22.5,1
739,6.45,22.5,1
739,6.6,22.5,1
739,6.6,22.5,1
739,6.45,22.5,1
740,6.35,22.5,1
739,6.35,22.5,1
740,6.35,22.5,1
740,6.15,22.5,1
740,6.53,22.5,1
740,6.4,22.5,1
740,5.95,22.5,1
740,6.4,22.5,1
740,6.1,22.5,1
740,6.45,22.4,1
740,6.5,22.5,1
740,6.55,22.5,1
740,6.55,22.5,1
740,6.58,22.5,1
740,6.58,22.5,1
740,6.54,24.3,1
740,6.4,24.4,1
740,6.4,24.4,1
741,6.45,24.4,1
740,6.2,24.3,1
740,6.33,24.4,1
741,6.6,24.4,1
741,6.15,24.4,1
741,6.45,24.4,1
741,6.45,24.4,1
741,6.47,24.4,1
741,6.4,22.8,1
741,6.28,22.6,1
741,6.58,22.8,1
741,6.5,22.7,1
769,6.5,22.9,1
769,6.53,22.9,1
769,6.55,22.9,1
870,5.8,22.9,1
867,5.97,22.9,1
868,6.45,22.9,1
868,5.65,22.9,1
869,6.25,23,1
869,6.53,22.9,1
869,6.28,22.8,1
869,5.28,22.8,1
869,6.67,22.8,1
870,6.53,22.8,1
870,6.05,22.8,1
870,6.2,22.8,1
870,6.46,22.8,1
870,6.62,22.8,1
871,6.48,22.8,1
870,6.74,22.8,1
871,6.21,22.8,1
870,6.5,22.8,1
871,6.66,22.8,1
871,6.52,22.8,1
871,6.07,22.8,1
871,6.64,22.8,1
871,5.69,22.8,1
871,5.11,22.8,1
872,6.46,22.8,1
872,6.88,22.8,1
873,5.01,22.8,1
872,6.48,22.8,1
872,6.52,22.8,1
872,6.53,22.8,1
873,4.7,22.8,1
873,6.58,22.8,1
873,6.56,22.8,1
873,6.51,22.8,1
873,6.4,22.8,1
871,5.41,22.8,1
871,5.8,22.8,1
872,6.07,22.9,1
873,4.9,22.9,1
873,6.28,22.9,1
872,6.48,22.9,1
871,6.34,22.8,1
872,6.78,22.9,1
873,5.1,22.9,1
873,6.63,22.8,1
873,6.33,22.8,1
873,6.74,22.8,1
873,6.38,22.8,1
873,5.8,22.8,1
404,6.27,22.8,1
442,6.98,22.8,1
464,6,22.8,1
471,6.12,22.8,1
475,5.8,22.8,1
471,5.97,22.8,1
470,6.12,22.8,1
463,6.26,22.8,1
483,6.46,22.9,1
470,5.5,22.9,1
461,6.8,22.9,1
460,5.7,22.9,1
459,5.01,22.8,1
458,6.18,22.9,1
457,6.22,22.9,1
457,6.27,22.9,1
456,6.56,22.9,1
456,6.02,22.9,1
456,5.7,22.9,1
454,4.8,22.9,1
454,6.45,22.9,1
454,6.27,22.8,1
452,6.59,22.9,1
452,6.5,22.8,1
452,5.97,22.8,1
451,6.27,22.9,1
451,6.71,22.8,1
450,5.7,22.9,1
450,5.88,22.8,1
450,6.24,22.8,1
450,6.57,22.8,1
450,6.58,22.9,1
449,6.15,22.8,1
449,6.35,22.9,1
449,6.48,22.8,1
448,6.08,22.8,1
448,6.15,22.8,1
448,6.32,22.8,1
448,6.47,22.8,1
447,5,22.8,1
447,6.62,22.8,1
447,6.42,22.8,1
447,6.46,22.8,1
446,5,22.8,1
446,5.4,22.8,1
446,6.55,22.8,1
446,6.87,22.8,1
445,6.22,22.8,1
444,6.51,22.8,1
442,6.6,22.8,1
442,5.9,22.8,1
442,6.37,22.8,1
441,5.7,22.8,1
441,6.13,22.8,1
441,6.89,22.8,1
441,6.4,22.8,1
440,6.17,22.8,1
440,6.57,22.8,1
440,6.48,22.7,1
440,6.29,22.7,1
440,5.7,22.7,1
439,6.33,22.7,1
509,6.49,22.7,1
658,6.34,22.7,1
653,6.25,22.7,1
654,6.39,22.7,1
656,6.4,22.7,1
657,6.41,22.7,1
661,6.4,22.7,1
663,5.4,22.7,1
665,6.3,22.7,1
666,6.43,22.7,1
666,6.1,22.7,1
666,6.5,22.7,1
666,6.1,22.7,1
667,6.73,22.7,1
667,6.7,22.7,1
666,5.1,22.7,1
666,6.2,22.7,1
667,6.2,22.7,1
667,5.3,22.7,1
667,6.5,22.7,1
668,5.67,22.7,1
668,4.9,22.7,1
667,5.93,22.7,1
668,6.2,22.7,1
668,6.3,22.7,1
669,6.2,22.7,1
670,6.2,22.7,1
670,6.67,22.7,1
670,6.37,22.7,1
670,6.4,22.7,1
672,5.4,22.7,1
670,6.3,22.7,1
672,6.57,22.7,1
672,6.37,22.7,1
672,6.4,22.7,1
672,6.27,22.7,1
672,6.67,22.7,1
672,6.4,22.7,1
672,6.5,22.7,1
672,6.3,22.7,1
672,6.07,22.7,1
672,5.6,22.7,1
754,4.6,22.7,1
754,6.33,22.7,1
754,5.2,22.7,1
754,6.2,22.7,1
754,6.8,22.7,1
754,6.37,22.7,1
754,6.2,22.7,1
754,6.7,22.7,1
754,6.3,22.7,1
754,6.23,22.7,1
754,6.43,22.7,1
754,6.63,22.7,1
754,6.13,22.7,1
754,6.53,22.7,1
754,6.27,22.7,1
754,6.3,22.6,1
754,5.2,22.6,1
754,6.5,22.7,1
750,5.93,22.7,1
753,6.03,22.6,1
754,6.27,22.6,1
753,6.5,22.7,1
754,4.7,22.6,1
754,6.34,22.6,1
754,6.9,22.6,1
754,5.8,22.6,1
754,6.29,22.6,1
750,6.34,22.6,1
753,5.8,22.6,1
753,6.51,22.6,1
754,6.76,22.6,1
754,6.56,22.6,1
748,6.59,22.6,1
750,6.49,22.6,1
750,6.75,22.6,1
753,6.51,22.6,1
753,6.61,22.6,1
753,6.53,22.6,1
754,6.11,22.6,1
754,6.85,22.6,1
754,5.94,22.6,1
754,6.22,22.6,1
754,5.2,22.6,1
754,6.65,22.6,1
754,6.67,22.6,1
754,6.65,22.6,1
754,6.77,22.6,1
752,5.5,22.6,1
750,6.48,22.6,1
752,6.57,22.6,1
753,6.37,22.7,1
753,5.5,22.7,1
753,6.91,22.6,1
754,6.68,22.6,1
754,6.56,22.7,1
754,6.33,22.6,1
754,6.59,22.6,1
754,6.44,22.6,1
756,6.64,22.6,1
748,5.77,22.6,1
749,6.54,22.6,1
749,5.6,22.6,1
749,6.66,22.6,1
750,6.16,22.6,1
750,6.32,22.6,1
751,6.42,22.6,1
753,6.67,22.6,1
753,6.73,22.6,1
754,6.37,22.6,1
754,6.68,22.6,1
754,6.64,22.6,1
754,6.38,22.6,1
1024,5.5,22.6,1
832,5.3,22.6,1
834,6.45,22.6,1
834,6.22,22.6,1
835,6.19,22.6,1
835,5.1,22.6,1
835,6.36,22.6,1
835,6.39,22.6,1
835,6.6,22.6,1
835,6.62,22.6,1
835,5.5,22.6,1
836,6.53,22.6,1
836,6.26,22.6,1
836,6.32,22.6,1
836,5.87,22.6,1
836,6.27,22.6,1
836,6.57,22.6,1
836,6.53,22.6,1
838,6.47,22.6,1
837,6.56,22.6,1
836,6.61,22.6,1
838,6.57,22.6,1
837,5.96,22.6,1
838,6.35,22.5,1
838,6.75,22.6,1
837,5.4,22.6,1
838,6.16,22.5,1
840,5.5,22.5,1
840,6.57,22.6,1
840,6.75,22.5,1
840,6.29,22.6,1
840,6.56,22.5,1
840,6.51,22.6,1
840,5.5,22.6,1
840,6.59,22.6,1
840,5.98,22.6,1
840,6.44,22.5,1
840,6.68,22.5,1
841,6.31,22.6,1
840,6.87,22.6,1
841,5.6,22.5,1
841,4.8,22.6,1
841,6.36,22.5,1
841,6.81,22.5,1
841,6.43,22.5,1
841,6.32,22.5,1
841,6.47,22.5,1
841,6.17,22.5,1
841,4.5,22.5,1
841,6.34,22.5,1
841,5.91,22.5,1
841,6.69,22.5,1
841,6.81,22.5,1
842,6.25,22.5,1
842,6.66,22.5,1
842,6.17,22.5,1
842,6.58,22.5,1
842,5.8,22.5,1
842,6.1,22.6,1
842,6.2,22.5,1
842,6,22.5,1
842,6,22.5,1
842,6.2,22.5,1
842,5.9,22.5,1
843,6.2,22.5,1
843,6.3,22.5,1
843,6.3,22.5,1
843,6.2,22.5,1
843,6.2,22.5,1
843,6.1,22.5,1
843,5.9,22.5,1
843,6.3,22.5,1
843,6.2,22.5,1
843,6.2,22.5,1
843,6.2,22.5,1
844,5.7,22.5,1
843,6.5,22.5,1
843,6.1,22.5,1
845,6.5,22.5,1
845,5.8,22.5,1
845,5.9,22.5,1
843,5.9,22.5,1
845,6.3,22.5,1
845,6.3,22.5,1
845,6.1,22.5,1
845,6,22.5,1
845,6,22.5,1
845,6.4,22.5,1
845,6.2,22.5,1
845,6.1,22.5,1
845,6.1,22.5,1
845,6.7,22.5,1
845,6.7,22.5,1
845,6.3,22.4,1
845,6.3,22.5,1
845,6.4,22.5,1
845,6.2,22.5,1
846,6.5,22.5,1
845,6.6,22.5,1
845,6.7,22.4,1
845,6.4,22.5,1
846,6,22.4,1
974,6.7,22.5,1
974,6.3,22.4,1
974,6.1,22.5,1
974,5.9,22.5,1
974,5.7,22.4,1
974,6.2,22.4,1
974,6.2,22.4,1
974,6.5,22.4,1
974,6.2,22.5,1
974,6.3,22.5,1
974,6.2,22.4,1
974,6.2,22.4,1
974,6.5,22.4,1
974,6.3,22.4,1
974,6.2,22.4,1
974,6.2,22.4,1
974,6.3,22.4,1
974,6.13,22.4,1
974,6.36,22.4,1
974,6.4,22.4,1
974,5.66,22.4,1
974,5.82,22.4,1
974,4.9,22.4,1
975,6.09,22.5,1
975,6.03,22.5,1
974,5.3,22.4,1
974,6.34,22.4,1
974,5.3,22.5,1
974,5.1,22.4,1
974,6.34,22.4,1
975,6.48,22.4,1
975,6.26,22.4,1
974,6.23,22.4,1
975,6.05,22.4,1
975,6.37,22.4,1
974,6.15,22.5,1
975,6.08,22.4,1
974,6.34,22.4,1
974,6.07,22.4,1
974,6.41,22.4,1
975,6.01,22.4,1
974,6.22,22.4,1
975,6.22,22.4,1
974,5.2,22.4,1
975,5.4,22.4,1
974,6.58,22.4,1
975,6.08,22.4,1
975,6.3,22.4,1
975,5.97,22.5,1
975,5.99,22.4,1
975,5.62,22.4,1
975,6.12,22.4,1
975,6.51,22.4,1
975,6.15,22.4,1
975,6.33,22.4,1
975,6.26,22.4,1
975,6.23,22.4,1
975,5.88,22.4,1
975,6.32,22.4,1
975,6.53,22.4,1
976,6.46,22.4,1
975,5.3,22.4,1
976,6.14,22.5,1
976,5.3,22.5,1
975,4.6,22.4,1
975,6.44,22.4,1
976,6.48,22.4,1
976,5.51,22.4,1
976,6.46,22.4,1
975,6.21,22.4,1
976,5.55,22.4,1
975,7.35,22.4,1
976,7.07,22.4,1
975,6.91,22.4,1
976,6.3,22.4,1
976,6.98,22.4,1
975,6.86,22.4,1
975,6.3,22.5,1
976,7.11,22.4,1
976,7.21,22.4,1
976,6.8,22.4,1
976,6.96,22.4,1
975,6.96,22.4,1
976,7.09,22.4,1
976,6.74,22.4,1
1013,7.23,22.4,1
1013,6.84,22.5,1
1013,6.9,22.5,1
1013,7.13,22.4,1
1013,7.31,22.5,1
1013,6,22.4,1
1014,6.84,22.4,1
1014,6.91,22.4,1
1014,6.94,22.5,1
1014,6.97,22.5,1
1014,6.3,22.4,1
1014,7.03,22.4,1
1014,6.4,22.4,1
1014,7.08,22.5,1
1014,6.97,22.5,1
1014,7.22,22.5,1
1014,6.3,22.5,1
1014,6.82,22.5,1
1015,6.72,22.4,1
1014,6.92,22.5,1
1014,7.11,22.5,1
1014,7.26,22.5,1
1015,6.1,22.5,1
1015,7.33,22.5,1
1014,6.79,22.5,1
1015,7.05,22.5,1
1015,6.94,22.5,1
1015,7.05,22.5,1
1015,6.4,22.5,1
1015,6.82,22.5,1
1015,6.83,22.5,1
1015,7.15,22.5,1
1015,6.81,22.5,1
1015,7.06,22.5,1
1015,6.92,22.4,1
1015,6.4,22.5,1
1015,6.8,22.5,1
1015,6.95,22.5,1
1015,6.88,22.5,1
1015,6.71,22.5,1
1015,7.03,24.3,1
1015,6.86,24.4,1
1015,6.76,24.4,1
1015,6.26,24.4,1
1016,6.64,24.3,1
1017,6.11,24.4,1
1017,6.63,24.4,1
1017,6.35,24.4,1
1015,6.25,24.4,1
1016,6.5,24.4,1
1016,5.3,24.4,1
1015,6.63,22.8,1
1016,6.55,22.6,1
1016,5.9,22.8,1
1016,6.34,22.7,1
1017,6.63,22.9,1
1016,6.62,22.9,1
1017,6.85,22.9,1
1017,6.93,22.9,1
1016,6.64,22.9,1
1017,6.66,22.9,1
1017,6.99,22.9,1
1017,6.56,23,1
1017,6.45,22.9,1
1017,6.6,22.8,1
1017,6.61,22.8,1
1017,6.97,22.8,1
1017,6.73,22.8,1
1017,6.1,22.8,1
1017,6.69,22.8,1
1016,6.6,22.8,1
1017,6.94,22.8,1
1017,6.91,22.8,1
1017,6,22.8,1
1017,6.61,22.8,1
1017,6.76,22.8,1
1017,6.64,22.8,1
885,6.49,22.8,1
886,6.88,22.8,1
886,5.9,22.8,1
888,6.57,22.8,1
888,7.07,22.8,1
888,6.73,22.8,1
888,6,22.8,1
888,6.81,22.8,1
888,6,22.8,1
889,5.9,22.8,1
888,6.89,22.8,1
889,6.54,22.8,1
889,6.97,22.8,1
889,6.8,22.8,1
889,6.56,22.8,1
889,6.68,22.8,1
889,5.5,22.8,1
889,6.9,22.8,1
890,6.63,22.9,1
890,6.99,22.9,1
890,6.73,22.9,1
890,6.71,22.9,1
890,6.92,22.8,1
890,6.83,22.9,1
890,6.78,22.9,1
891,6.66,22.8,1
890,6.79,22.8,1
890,6.69,22.8,1
890,7.03,22.8,1
891,6.93,22.8,1
891,7.13,22.8,1
891,7.16,22.8,1
892,7.01,22.8,1
892,6.95,22.8,1
891,6.83,22.8,1
892,6.96,22.8,1
893,6.63,22.8,1
893,6.68,22.8,1
893,6.81,22.9,1
893,7.18,22.9,1
893,6.86,22.9,1
893,6.6,22.9,1
893,6.69,22.8,1
893,6.86,22.9,1
893,7.04,22.9,1
893,6.98,22.9,1
894,6.72,22.9,1
894,6.79,22.9,1
893,7.09,22.9,1
893,7.04,22.9,1
894,7.13,22.9,1
893,6.66,22.8,1
894,6.83,22.9,1
893,7.03,22.8,1
894,7.09,22.8,1
894,6.78,22.9,1
894,7.05,22.8,1
894,6.87,22.9,1
893,7.07,22.8,1
894,6.73,22.8,1
894,6.91,22.8,1
894,6.95,22.9,1
894,6.82,22.8,1
894,6.78,22.9,1
894,,22.8,1
894,6.97,22.8,1
894,7.06,22.8,1
894,7.04,22.8,1
894,7.13,22.8,1
894,7.08,22.8,1
894,6.41,22.8,1
894,7.08,22.8,1
894,7.1,22.8,1
894,7.08,22.8,1
894,7,22.8,1
894,6.93,22.8,1
894,7.04,22.8,1
895,6.69,22.8,1
894,7.2,22.8,1
894,6.99,22.8,1
807,7.01,22.8,1
812,7.06,22.8,1
888,7.09,22.8,1
883,5.75,22.8,1
885,7.05,22.8,1
885,7.03,22.8,1
886,7.05,22.8,1
886,6.78,22.8,1
888,6.97,22.7,1
888,6.85,22.7,1
1024,7.12,22.7,1
1018,6.96,22.7,1
1018,6.1,22.7,1
1018,6.95,22.7,1
1018,6.96,22.7,1
1020,6.91,22.7,1
1018,7.05,22.7,1
1018,6.91,22.7,1
1018,7.05,22.7,1
1020,7.09,22.7,1
1018,6.33,22.7,1
1018,7.03,22.7,1
1018,6.98,22.7,1
1018,6.5,22.7,1
1020,7.11,22.7,1
1020,6.97,22.7,1
1018,7.12,22.7,1
1020,7.13,22.7,1
1020,7.04,22.7,1
1020,7,22.7,1
1020,6.66,22.7,1
1018,6.63,22.7,1
1020,6.75,22.7,1
1020,6.46,22.7,1
1020,6.7,22.7,1
1020,6.35,22.7,1
1020,6.65,22.7,1
1020,6.44,22.7,1
1020,6.7,22.7,1
1018,6.43,22.7,1
1020,6.58,22.7,1
1020,6.76,22.7,1
1004,6.43,22.7,1
1001,6.99,22.7,1
1001,6.88,22.7,1
1002,6.66,22.7,1
1001,6.85,22.7,1
1002,6.73,22.7,1
1002,6.43,22.7,1
1001,6.92,22.7,1
1003,6.67,22.7,1
1001,6.72,22.7,1
1001,6.53,22.7,1
1004,6.85,22.7,1
1003,6.61,22.7,1
1004,6.67,22.7,1
1024,6.67,22.7,1
1024,6.86,22.7,1
1024,6.66,22.7,1
1024,6.52,22.7,1
1024,6.47,22.7,1
1024,6.51,22.7,1
356,7.03,22.7,1
430,6.4,22.7,1
466,6.76,22.7,1
521,6.89,22.7,1
535,6.79,22.7,1
541,6.67,22.7,1
543,6.75,22.7,1
543,6.57,22.6,1
543,6.61,22.6,1
542,6.64,22.7,1
542,6.75,22.7,1
327,6.86,22.6,1
373,6.71,22.6,1
403,6.66,22.7,1
440,6.2,22.6,1
457,6.87,22.6,1
462,6.87,22.6,1
464,6.76,22.6,1
465,6.41,22.6,1
465,6.65,22.6,1
465,6.69,22.6,1
464,6.65,22.6,1
463,6.53,22.6,1
464,6.7,22.6,1
462,6.93,22.6,1
461,5.3,22.6,1
461,6.71,22.6,1
1024,6.74,22.6,1
1024,7.06,22.6,1
1024,6.48,22.6,1
1024,6.58,22.6,1
1024,6,22.6,1
1024,6.67,22.6,1
1024,6.92,22.6,1
1024,6.69,22.6,1
1024,6.1,22.6,1
1024,6.65,22.6,1
1024,6.69,22.6,1
1024,6.68,22.6,1
1024,5.8,22.6,1
1024,6.89,22.6,1
1024,6.88,22.6,1
1024,6.6,22.7,1
1024,6.64,22.7,1
1024,6.92,22.6,1
436,6.56,22.6,1
1024,6.45,22.7,1
412,6.49,22.6,1
1024,6.63,22.6,1
410,6.77,22.6,1
544,6.6,22.6,1
386,5.9,22.6,1
404,6.79,22.6,1
410,6.64,22.6,1
1024,5.7,22.6,1
413,6.64,22.6,1
1024,6.58,22.6,1
458,6.94,22.6,1
334,6.76,22.6,1
339,6.63,22.6,1
377,5.8,22.6,1
382,6.92,22.6,1
387,5.4,22.6,1
388,6.62,22.6,1
369,6.5,22.6,1
388,6.47,22.6,1
397,6.89,22.6,1
404,6.51,22.6,1
414,6.78,22.6,1
404,6.95,22.6,1
414,6.48,22.6,1
1024,6.56,22.6,1
1024,6.63,22.6,1
1024,6.94,22.6,1
1024,6.91,22.6,1
1024,6.15,22.6,1
1024,7.28,22.6,1
1024,7.11,22.6,1
1024,7.1,22.6,1
650,6.76,22.6,1
700,6.85,22.6,1
658,6.47,22.6,1
680,7.24,22.6,1
700,7.35,22.6,1
554,6.93,22.6,1
552,7.31,22.6,1
550,7.18,22.6,1
552,6.83,22.5,1
553,6.96,22.6,1
553,6.87,22.6,1
553,6.92,22.5,1
554,6.85,22.5,1
554,6.84,22.6,1
554,7.32,22.5,1
554,6.95,22.6,1
554,6.91,22.5,1
556,7.33,22.6,1
548,6.91,22.6,1
549,7.32,22.6,1
549,7.38,22.6,1
549,7.19,22.5,1
550,6.83,22.5,1
550,7.3,22.6,1
551,6.87,22.6,1
553,6.99,22.5,1
553,7.02,22.6,1
554,6.66,22.5,1
554,6.93,22.5,1
554,6.87,22.5,1
554,6.77,22.5,1
824,6.8,22.5,1
632,6.8,22.5,1
634,6.78,22.5,1
634,7.39,22.5,1
635,6.81,22.5,1
635,6.38,22.5,1
635,7.19,22.5,1
635,6.11,22.5,1
635,6.27,22.5,1
635,6.69,22.5,1
635,6.63,22.5,1
636,6.27,22.5,1
636,7.16,22.6,1
636,6.4,22.5,1
636,6.62,22.5,1
636,6.93,22.5,1
636,6.81,22.5,1
636,5.74,22.5,1
638,6.58,22.5,1
637,6.82,22.5,1
636,6.89,22.5,1
638,6.51,22.5,1
637,6.28,22.5,1
638,7.02,22.5,1
638,7.17,22.5,1
637,7.24,22.5,1
638,7.35,22.5,1
640,6.55,22.5,1
640,6.3,22.5,1
640,7.45,22.5,1
640,6.62,22.5,1
640,6.74,22.5,1
640,6.76,22.5,1
640,6.92,22.5,1
640,6.94,22.5,1
640,6.76,22.5,1
640,7.35,22.5,1
640,7.23,22.5,1
641,6.89,22.5,1
640,6.59,22.5,1
641,6.54,22.5,1
641,7.05,22.5,1
641,6.1,22.5,1
641,5.96,22.5,1
641,6.65,22.5,1
641,6.54,22.5,1
641,6.13,22.5,1
641,6.75,22.4,1
641,6.67,22.5,1
641,7.02,22.5,1
641,6.76,22.5,1
641,6.86,22.5,1
641,6.64,22.5,1
642,6.72,22.4,1
642,6.78,22.5,1
642,6.73,22.4,1
642,6.73,22.5,1
642,6.62,22.4,1
642,6.56,22.5,1
642,6.88,22.5,1
642,6.46,22.4,1
642,6.49,22.4,1
642,6.61,22.4,1
642,6.66,22.4,1
643,6.79,22.5,1
643,6.86,22.5,1
643,6.59,22.4,1
643,6.63,22.4,1
643,6.69,22.4,1
643,6.55,22.4,1
643,6.93,22.4,1
643,6.67,22.4,1
643,6.5,22.4,1
643,6.41,22.4,1
643,6.74,22.4,1
644,6.79,22.4,1
643,6.66,22.4,1
643,6.82,22.4,1
645,6.89,22.4,1
645,6.84,22.5,1
645,6.88,22.5,1
643,6.13,22.4,1
645,6.79,22.4,1
645,6.58,22.5,1
645,6.93,22.4,1
645,6.86,22.4,1
645,6.78,22.4,1
645,6.48,22.4,1
645,6.95,22.4,1
645,6.79,22.4,1
645,6.64,22.4,1
645,6.71,22.5,1
645,6.57,22.4,1
645,6.85,22.4,1
645,6.57,22.4,1
645,6.58,22.4,1
645,6.56,22.4,1
646,6.37,22.4,1
645,6.64,22.4,1
645,6.39,22.4,1
645,6.43,22.4,1
646,6.9,22.4,1
774,7.01,22.4,1
774,6.75,22.4,1
774,6.6,22.5,1
774,6.81,22.4,1
774,6.87,22.4,1
774,6.97,22.4,1
774,6.96,22.4,1
774,6.68,22.4,1
774,6.3,22.4,1
774,6.63,22.4,1
774,6.67,22.4,1
774,6.88,22.4,1
774,6.75,22.4,1
774,6.78,22.4,1
774,6.73,22.4,1
774,7.01,22.4,1
774,6.78,22.5,1
774,6.61,22.5,1
774,7.08,22.4,1
774,6.55,22.4,1
774,6.57,22.4,1
774,6.66,22.4,1
774,7,22.4,1
775,6.9,22.4,1
775,6.75,22.4,1
774,6.92,22.4,1
774,6.79,22.4,1
774,6.81,22.4,1
774,6.68,22.4,1
774,6.7,22.4,1
775,6.99,22.4,1
775,6.48,22.5,1
774,6.73,22.4,1
775,6.36,22.4,1
775,6.44,22.4,1
774,6.99,22.4,1
775,6.92,22.4,1
774,6.6,22.4,1
774,6.67,22.4,1
774,6.65,22.4,1
775,6.69,22.5,1
774,6.91,22.5,1
775,6.84,22.4,1
774,6.87,22.5,1
775,6.73,22.4,1
774,6.45,22.4,1
775,6.84,22.4,1
775,6.96,22.5,1
775,7,22.5,1
775,6.6,22.4,1
775,6.7,22.4,1
775,6.83,22.4,1
775,6.72,22.5,1
775,6.8,22.5,1
775,6.07,22.5,1
775,6.6,22.5,1
775,6.46,22.5,1
775,6.82,22.4,1
775,6.88,22.5,1
775,6.81,22.5,1
776,6.74,22.5,1
775,6.7,22.5,1
776,6.64,22.5,1
776,6.66,22.5,1
775,6.61,22.5,1
775,5.98,22.5,1
776,6.98,22.5,1
776,6.6,22.5,1
776,6.99,22.5,1
775,6.69,22.5,1
776,6.88,22.5,1
775,7.04,22.5,1
776,6.25,22.5,1
775,6.77,22.4,1
776,6.79,22.5,1
776,7.27,22.5,1
775,6.61,22.5,1
775,7.09,22.5,1
776,7.24,22.5,1
776,6.58,18.6,1
776,6.54,18.6,1
776,6.83,18.6,1
775,6.76,18.6,1
776,6.56,18.6,1
776,6.92,18.6,1
813,7.18,18.6,1
813,6.49,18.7,1
813,6.3,18.7,1
813,6.96,18.6,1
813,6.79,18.6,1
813,6.59,18.7,1
814,6.43,18.6,1
814,6.54,18.6,1
814,6.85,18.6,1
814,6.9,18.6,1
814,6.65,18.6,1
814,6.95,18.6,1
814,6.06,18.6,1
814,6.78,18.6,1
814,7.02,18.6,1
814,7.17,18.6,1
814,6.76,18.6,1
814,6.8,18.6,1
815,6.77,18.6,1
814,6.79,18.6,1
814,6.66,18.6,1
814,6.8,18.6,1
815,6.4,18.6,1
815,6.26,18.6,1
814,6.78,18.6,1
815,6.79,18.6,1
815,7.12,18.6,1
815,6.29,18.6,1
815,6.4,18.6,1
815,6.63,18.6,1
815,6.9,18.6,1
815,6.64,18.6,1
815,6.16,18.6,1
815,6.32,18.6,1
815,6.68,18.6,1
815,6.61,18.6,1
815,6.84,18.6,1
815,6.58,18.6,1
815,6.91,18.6,1
815,6.3,18.6,1
815,6.2,18.6,1
815,5.88,18.6,1
815,6.47,18.6,1
815,6.64,18.6,1
816,6.52,18.6,1
817,6.41,18.6,1
817,6.2,18.5,1
817,6.4,18.6,1
815,6.47,18.6,1
816,6.6,18.5,1
816,6.69,18.5,1
815,6.56,18.6,1
816,6.71,18.5,1
816,6.46,18.6,1
816,6.7,18.5,1
817,6.19,18.6,1
816,6.61,18.6,1
817,6.64,18.6,1
817,6.42,18.6,1
816,6.6,18.5,1
817,6.53,18.5,1
817,6.33,18.6,1
817,6.56,18.6,1
817,6.58,18.5,1
817,6.3,18.6,1
817,6.36,18.5,1
817,6.44,18.5,1
817,6.58,18.5,1
817,6.16,18.5,1
817,6.5,18.5,1
816,5.73,18.5,1
817,6.9,18.5,1
817,6.36,18.5,1
817,6.6,18.5,1
817,6.41,18.5,1
817,6.58,18.5,1
817,6.32,18.5,1
685,5.45,18.5,2
686,6.03,18.5,2
686,6.21,18.5,2
688,5.33,18.5,2
688,5.22,18.6,2
688,5.8,18.5,2
688,5.27,18.5,2
688,5.99,18.5,2
688,5.24,18.5,2
689,5.77,18.5,2
688,5.67,18.5,2
689,6.13,18.5,2
689,6.03,18.5,2
689,5.9,18.5,2
689,5.67,18.5,2
689,5.73,18.5,2
689,5.88,18.5,2
689,5.67,18.5,2
690,6.14,18.5,2
690,5.83,18.5,2
690,6.15,18.5,2
690,5.63,18.5,2
690,5.63,18.5,2
690,5.41,18.5,2
690,6.07,18.5,2
691,5.53,18.5,2
690,5.47,18.5,2
690,5.89,18.5,2
690,5.9,18.5,2
691,5.97,18.5,2
691,5.84,18.5,2
691,6,18.5,2
692,5.85,18.5,2
692,5.5,18.5,2
691,5.58,18.5,2
692,5.47,18.5,2
693,5.77,18.5,2
693,5.87,18.5,2
693,5.4,18.5,2
693,5.88,18.4,2
693,6.08,18.5,2
693,6.16,18.5,2
693,5.69,18.5,2
693,5.77,18.5,2
693,5.71,18.5,2
693,5.87,18.4,2
694,5.75,18.5,2
694,5.87,18.4,2
693,5.66,18.5,2
693,5.79,18.4,2
694,5.75,18.5,2
693,5.79,18.5,2
694,5.71,18.4,2
693,5.84,18.4,2
694,5.64,18.4,2
694,5.71,18.4,2
694,5.52,18.5,2
694,5.6,18.5,2
693,5.63,18.4,2
694,5.52,18.4,2
694,5.71,18.4,2
694,5.46,18.4,2
694,5.77,18.4,2
694,5.32,18.4,2
694,5.53,18.4,2
694,5.64,18.4,2
694,5.3,18.4,2
694,5.7,18.4,2
694,5.45,18.4,2
694,5.94,18.4,2
694,5.58,18.4,2
694,5.8,18.5,2
694,6,18.5,2
694,5.6,18.4,2
694,5.79,18.4,2
694,5.65,18.5,2
694,5.64,18.4,2
695,5.85,18.4,2
694,5.14,18.4,2
694,5.99,18.4,2
607,5.55,18.4,2
612,5.65,18.4,2
688,5.68,18.4,2
683,5.79,18.5,2
685,5.82,18.4,2
685,5.72,18.4,2
686,5.62,18.4,2
686,5.71,18.4,2
688,5.79,18.4,2
688,5.39,18.4,2
824,5.85,18.4,1
818,5.45,18.4,1
818,5.67,18.4,1
818,5.87,18.4,1
818,5.57,18.4,1
820,5.69,18.4,1
818,5.84,18.5,1
818,5.6,18.4,1
818,5.87,18.4,1
820,5.61,18.4,1
818,5.56,18.4,1
818,5.88,18.4,1
818,5.63,18.4,1
818,5.42,18.4,1
820,5.84,18.4,1
820,5.72,18.4,1
818,5.64,18.4,1
820,5.73,18.4,1
820,5.45,18.4,1
820,5.63,18.4,1
820,5.64,18.5,1
818,5.72,18.5,1
820,5.62,18.4,1
820,5.69,18.4,1
820,5.5,18.4,1
820,5.76,18.4,1
820,5.46,18.4,1
820,5.33,18.4,1
820,5.54,18.4,1
818,5.74,18.4,1
820,5.61,18.4,1
820,5.73,18.4,1
804,5.41,18.4,1
801,5.76,18.4,1
801,5.59,18.4,1
802,5.62,18.5,1
801,5.61,18.4,1
802,5.38,18.4,1
802,5.54,18.4,1
801,5.56,18.4,1
803,5.52,18.4,1
801,5.96,18.4,1
801,5.62,18.4,1
804,5.56,18.4,1
803,5.43,18.5,1
804,5.46,18.5,1
824,5.78,18.4,1
824,5.8,18.5,1
824,6.57,18.4,1
824,5.35,18.4,1
824,6.03,18.4,1
824,6.16,18.5,1
156,6.29,18.5,2
230,6.27,18.4,2
266,6.19,18.4,2
321,6.33,18.4,2
335,5.74,18.5,2
341,6.24,18.5,2
343,6.26,18.5,2
343,6.05,18.5,2
343,6.24,18.5,2
342,5.46,18.4,2
342,6.32,18.5,2
127,6.13,18.5,2
173,5.96,18.5,2
203,6.35,18.5,2
240,5.31,18.5,2
257,6.53,18.5,2
262,6.41,18.5,2
264,6.32,18.5,2
265,6.3,18.5,2
265,5.84,18.5,2
265,5.61,18.5,2
264,6.41,18.5,2
263,5.51,18.5,2
264,5.43,18.5,2
262,6.09,18.5,2
261,5.45,18.4,2
261,5.74,18.5,2
824,5.89,18.5,1
824,6.24,18.5,1
824,6.15,18.5,1
824,5.13,18.5,1
824,5.88,20.3,1
824,5.97,20.4,1
824,6.35,20.4,1
824,6.23,20.4,1
824,6.13,20.3,1
824,5.66,20.4,1
824,5.95,20.4,1
824,5.73,20.4,1
824,5.91,20.4,1
824,6.4,20.4,1
824,5.96,20.4,1
824,5.5,18.8,1
824,5.02,18.6,1
824,5.43,18.8,1
236,5.42,18.7,2
824,5.38,18.9,1
212,5.38,18.9,2
824,5.23,18.9,1
210,5.04,18.9,2
344,5.2,18.9,2
186,5.5,18.9,2
204,5.08,18.9,2
210,5.58,19,2
824,5.38,18.9,1
213,5.45,18.8,2
824,5.01,18.8,1
258,5.47,18.8,2
134,5.75,18.8,2
139,5.28,18.8,2
177,5.41,18.8,2
182,5.34,18.8,2
187,5.58,18.8,2
188,5.24,18.8,2
169,5.39,18.8,2
188,5.58,18.8,2
197,4.87,18.8,2
204,5.56,18.8,2
214,5.06,18.8,2
204,5.38,18.8,2
214,5.52,18.8,2
824,5.2,18.8,1
824,5.35,18.8,1
824,4.98,18.8,1
824,5.52,18.8,1
824,5.14,18.8,1
824,5.33,18.8,1
824,5.52,18.8,1
824,5.14,18.8,1
450,5.55,18.8,2
500,6.13,18.8,2
458,5.45,18.8,2
480,5.62,18.8,2
554,5.23,18.8,2
552,6.52,18.8,2
550,6.4,18.8,2
552,6.71,18.9,2
553,5.85,18.9,2
553,6.69,18.9,2
553,6.49,18.9,2
554,6.77,18.8,2
554,6.24,18.9,2
554,6.57,18.9,2
554,6.73,18.8,2
554,6.81,18.8,2
556,6.57,18.8,2
548,6.48,18.8,2
549,6.62,18.8,2
549,6.64,18.8,2
549,6.58,18.8,2
550,6.69,18.8,2
550,6.31,18.8,2
551,6.27,18.8,2
553,6.75,18.8,2
553,6.21,18.8,2
554,6.48,18.8,2
554,6.47,18.9,2
554,6.01,18.9,2
554,6.76,18.9,2
824,6.59,18.9,1
632,6.15,18.8,2
634,6.5,18.9,2
634,6.4,18.9,2
635,6.33,18.9,2
635,6.64,18.9,2
635,6.56,18.9,2
635,6.03,18.9,2
635,6.21,18.9,2
635,6.5,18.9,2
635,6.57,18.8,2
636,6.6,18.9,2
636,6.62,18.8,2
636,5.7,18.8,2
636,6.77,18.9,2
636,6.7,18.8,2
636,6.34,18.9,2
636,6.63,18.8,2
638,6.6,18.8,2
637,6.41,18.8,2
636,6.44,18.9,2
638,6.57,18.8,2
637,6.69,18.9,2
638,5.58,18.8,2
638,6.33,18.8,2
637,6.51,18.8,2
638,6.65,18.8,2
640,6.22,18.8,2
640,6.43,18.8,2
640,6.81,18.8,2
640,6.37,18.8,2
640,6.4,18.8,2
640,6.32,18.8,2
640,6.83,18.8,2
640,5.66,18.8,2
640,6.9,18.8,2
640,6.87,18.8,2
640,6.81,18.8,2
641,6.06,18.8,2
640,6.56,18.8,2
641,6.46,18.8,2
641,5.42,18.8,2
641,6.51,18.8,2
641,6.33,18.8,2
641,6.22,18.8,2
641,5.81,18.8,2
641,6.31,18.8,2
641,6.44,18.7,2
641,6.57,18.7,2
641,6.29,18.7,2
641,6.32,18.7,2
641,6.47,18.7,2
641,6.56,18.7,2
642,6.71,18.7,2
642,6.51,18.7,2
642,6.39,18.7,2
642,6,18.7,2
642,6.38,18.7,2
642,6.62,18.7,2
642,6.83,18.7,2
642,6.68,18.7,2
642,6.53,18.7,2
642,6.61,18.7,2
642,6.63,18.7,2
643,5.38,18.7,2
643,6,18.7,2
643,6.43,18.7,2
643,6.65,18.7,2
643,6.69,18.7,2
643,6.35,18.7,2
643,6.23,18.7,2
643,6.56,18.7,2
643,6.65,18.7,2
643,6.09,18.7,2
643,6.62,18.7,2
644,6.33,18.7,2
643,6.43,18.7,2
643,6.31,18.7,2
645,6.48,18.7,2
645,5.9,18.7,2
645,6.26,18.7,2
643,6.27,18.7,2
645,6.53,18.7,2
645,6.6,18.7,2
645,6.61,18.7,2
645,6.63,18.7,2
645,6.42,18.7,2
645,6.63,18.7,2
645,6.14,18.7,2
645,5.92,18.7,2
645,6.31,18.7,2
645,6.37,18.7,2
645,6.06,18.7,2
645,6.29,18.7,2
645,5.88,18.7,2
645,6.67,18.7,2
645,6.3,18.7,2
646,6.29,18.7,2
645,6.32,18.7,2
645,6.53,18.7,2
645,6.32,18.7,2
646,5.45,18.7,2
774,6.43,18.7,1
774,6.58,18.7,1
774,5.53,18.7,1
774,6.41,18.7,1
774,6.45,18.7,1
774,6.46,18.7,1
774,6.42,18.6,1
774,6.54,18.6,1
774,6.01,18.7,1
774,6.05,18.7,1
774,6.68,18.6,1
774,6.48,18.6,1
774,6.16,18.7,1
774,6.49,18.6,1
774,5.57,18.6,1
774,6.52,18.6,1
774,6.06,18.6,1
774,6.49,18.6,1
774,6.5,18.6,1
774,6.62,18.6,1
774,5.84,18.6,1
774,6.5,18.6,1
774,6.24,18.6,1
775,6.33,18.6,1
775,6,18.6,1
774,6.47,18.6,1
774,6.46,18.6,1
774,6.4,18.6,1
774,6.29,18.6,1
774,5.61,18.6,1
775,6.31,18.6,1
775,5.82,18.6,1
774,6.59,18.6,1
775,6.17,18.6,1
775,6.48,18.6,1
774,6.43,18.6,1
775,6.04,18.6,1
774,6.2,18.6,1
774,6.6,18.6,1
774,5.99,18.6,1
775,5.84,18.6,1
774,6.42,18.7,1
775,6.01,18.7,1
774,6.08,18.6,1
775,6.07,18.6,1
774,5.61,18.7,1
775,6.6,18.6,1
775,6.11,18.6,1
775,6.02,18.6,1
775,5.97,18.6,1
775,6.33,18.6,1
775,5.95,18.6,1
775,5.27,18.6,1
775,5.97,18.6,1
775,5.77,18.6,1
775,5.91,18.6,1
775,6.28,18.6,1
775,6.03,18.6,1
775,6.32,18.6,1
775,6.18,18.6,1
776,6.36,18.6,1
775,6.03,18.6,1
776,5.58,18.6,1
776,6.2,18.6,1
775,6.45,18.6,1
775,6.75,18.6,1
776,6.28,18.6,1
776,6.33,18.6,1
776,6.28,18.6,1
775,5.76,18.6,1
776,5.67,18.6,1
775,6.21,18.6,1
776,6.46,18.6,1
775,6.33,18.6,1
776,5.96,18.6,1
776,6.02,18.6,1
775,5.75,18.6,1
775,6.23,18.6,1
776,6.57,18.6,1
776,6.56,18.6,1
776,6.53,18.6,1
776,5.47,18.6,1
775,6.53,18.6,1
776,6.11,18.6,1
776,6.68,18.6,1
813,5.94,18.6,1
813,5.9,18.5,1
813,6.03,18.6,1
813,5.99,18.6,1
813,6.6,18.5,1
813,6,18.5,1
814,6.41,18.6,1
814,6.25,18.5,1
814,6.46,18.6,1
814,6.8,18.5,1
814,6.29,18.6,1
814,6.38,18.6,1
814,6.29,18.6,1
814,6.52,18.6,1
814,6.73,18.5,1
814,6.08,18.5,1
814,5.89,18.6,1
814,6.04,18.6,1
815,5.42,18.5,1
814,5.53,18.6,1
814,6.43,18.5,1
814,6.68,18.5,1
815,6.28,18.5,1
815,5.74,18.5,1
814,6.53,18.5,1
815,6.39,18.5,1
815,6.4,18.5,1
815,6.55,18.5,1
815,6.26,18.5,1
815,6.12,18.5,1
815,6.2,18.5,1
815,6.57,18.5,1
815,6.62,18.5,1
815,6.09,18.5,1
815,6.49,18.5,1
815,5.84,18.5,1
815,6.67,18.6,1
815,6.65,18.5,1
815,5.69,18.5,1
815,6.56,18.5,1
815,6.47,18.5,1
815,6.52,18.5,1
815,6.62,18.5,1
815,6.46,18.5,1
816,5.84,18.5,1
817,6.61,18.5,1
817,6.49,18.5,1
817,6.6,18.5,1
815,6.54,18.5,1
816,6.52,18.5,1
816,6.24,18.5,1
815,5.98,18.5,1
816,6.35,18.5,1
816,6.22,18.5,1
816,6.27,18.5,1
817,6.55,18.5,1
816,6.13,18.5,1
817,6.48,18.5,1
817,6.59,18.5,1
816,6.08,18.5,1
817,6.49,18.5,1
817,5.68,18.5,1
817,6.56,18.5,1
817,6.39,18.5,1
817,6.59,18.5,1
817,6.19,18.5,1
817,6.28,18.5,1
817,6.37,18.5,1
817,6.32,18.5,1
817,6.56,18.5,1
816,6.44,18.5,1
817,6.58,18.4,1
817,6.66,18.5,1
817,6.39,18.5,1
817,6.35,18.5,1
817,6.52,18.5,1
817,6.46,18.5,1
685,6.55,18.4,2
686,6.46,18.5,2
686,6.47,18.4,2
688,6.55,18.5,2
688,6.55,18.4,2
688,6.39,18.5,2
688,5.92,18.5,2
688,6.56,18.4,2
688,5.69,18.4,2
689,6.42,18.4,2
688,6.46,18.4,2
689,6.33,18.5,2
689,6.32,18.5,2
689,6.49,18.4,2
689,5.87,18.4,2
689,6.61,18.4,2
689,6.47,18.4,2
689,6.42,18.4,2
690,6.51,18.4,2
690,6.74,18.4,2
690,6.3,18.4,2
690,6.62,18.4,2
690,6.55,18.4,2
690,6.54,18.4,2
690,6.06,18.4,2
691,6.23,18.4,2
690,6.67,18.5,2
690,6.52,18.5,2
690,6.47,18.4,2
691,6.47,18.4,2
691,6.49,18.5,2
691,6.5,18.4,2
692,6.32,18.4,2
692,6.59,18.4,2
691,6.39,18.4,2
692,6.42,18.4,2
693,6.55,18.4,2
693,6.34,18.4,2
693,6.64,18.5,2
693,5.72,18.4,2
693,6.49,18.4,2
693,6.41,18.4,2
693,6.44,18.4,2
693,6.37,18.4,2
693,6.33,18.4,2
693,6.38,18.4,2
694,6.47,18.4,2
694,6.34,18.4,2
693,6.34,18.4,2
693,6.24,18.4,2
694,6.61,18.4,2
693,6.57,18.5,2
694,6.26,18.4,2
693,6.36,18.4,2
694,6.05,18.4,2
694,5.97,18.4,2
694,6.49,18.4,2
694,6.27,18.4,2
693,6.57,18.4,2
694,6.73,18.4,2
694,6.53,18.4,2
694,6.64,18.4,2
694,6.32,18.4,2
694,5.69,18.4,2
694,6.7,18.4,2
694,6.22,18.5,2
694,6.48,18.5,2
694,6.06,18.4,2
694,6.35,18.4,2
694,6.23,18.4,2
694,6.45,18.4,2
694,6.39,18.4,2
694,6.65,18.4,2
694,6.25,18.4,2
694,6.2,18.4,2
694,6.39,18.4,2
694,6.64,18.4,2
695,6.49,18.4,2
694,6.17,18.4,2
694,6.2,18.4,2
607,6.64,18.5,2
612,6.55,18.4,2
688,6.68,18.4,2
683,6.28,18.4,2
685,6.46,18.4,2
685,6.69,18.4,2
686,6.5,18.4,2
686,6.46,18.4,2
688,6.56,18.4,2
688,6.65,18.5,2
824,6.75,18.5,1
818,6.84,18.4,1
818,6.67,18.5,1
818,6.46,18.4,1
818,6.46,18.4,1
820,6.6,18.4,1
818,6.43,18.5,1
818,6.56,18.5,1
818,5.25,18.4,1
820,6.51,18.4,1
818,5.41,18.4,1
818,6.67,18.5,1
818,6.71,18.5,1
818,6.63,18.5,1
820,6.48,18.5,1
820,5.76,18.5,1
818,6.58,18.4,1
820,6.52,18.5,1
820,6.51,18.5,1
820,6.62,18.5,1
820,6.41,18.5,1
818,6.52,18.5,1
820,6.05,18.5,1
820,6.62,18.5,1
820,6.47,18.5,1
820,6.46,18.5,1
820,6.71,18.5,1
820,6.55,18.5,1
820,6.38,18.5,1
818,5.57,18.5,1
820,6.15,18.5,1
820,6.32,18.5,1
804,6.48,18.4,1
801,6.51,18.5,1
801,6.45,18.5,1
802,6.44,18.5,1
801,6.29,18.5,1
802,6.37,18.5,1
802,6.52,18.6,1
801,6.36,18.6,1
803,6.09,18.6,1
801,5.68,18.6,1
801,6.29,18.6,1
804,6.21,18.6,1
803,6.63,18.6,1
804,6.14,18.7,1
824,6.02,18.7,1
824,6.4,18.6,1
824,6.31,18.6,1
824,6.33,18.7,1
824,6.11,18.6,1
824,5.98,18.6,1
156,6.36,18.6,2
230,6.13,18.6,2
266,6.39,18.6,2
321,6.26,18.6,2
335,6.26,18.6,2
341,6.24,18.6,2
343,6.36,18.6,2
343,5.61,18.6,2
343,6.33,18.6,2
342,6.57,18.6,2
342,6.06,18.6,2
127,6.03,18.6,2
173,6.47,18.6,2
203,6.58,18.6,2
240,6.31,18.6,2
257,6.38,18.6,2
262,6.47,18.6,2
264,6.57,18.6,2
265,6.5,18.6,2
265,6.12,18.6,2
265,6.41,18.6,2
264,6.5,18.6,2
263,6.68,18.6,2
264,6.06,18.6,2
262,5.97,18.6,2
261,6.57,18.6,2
261,6.65,18.6,2
824,6.45,18.6,1
824,6.74,18.6,1
824,6.38,18.6,1
824,6.61,18.6,1
824,6.56,18.6,1
824,5.84,18.6,1
824,5.69,18.6,1
824,6.69,18.6,1
824,6.65,18.6,1
824,6.6,18.6,1
824,6.69,18.6,1
824,6.45,18.5,1
824,6.49,18.6,1
824,6.16,18.6,1
824,5.7,18.5,1
824,6.6,18.5,1
824,5.88,18.6,1
824,6.47,18.5,1
236,6.57,18.6,2
824,6.57,18.5,1
212,6.6,18.6,2
824,6.31,18.6,1
210,6.63,18.6,2
344,6.47,18.6,2
186,6.78,18.5,2
204,6.25,18.5,2
210,6.49,18.6,2
824,6.78,18.6,1
213,6.44,18.5,2
824,6.57,18.6,1
258,6.13,18.5,2
134,6.33,18.5,2
139,6.45,18.5,2
177,6.72,18.5,2
182,6.31,18.5,2
187,6.54,18.5,2
188,6.57,18.5,2
169,6.73,18.5,2
188,6.47,18.5,2
197,5.39,18.5,2
204,6.36,18.5,2
214,6.59,18.5,2
204,6.38,18.5,2
214,6.1,18.5,2
824,6.27,18.5,1
824,6.11,18.5,1
824,6.44,18.6,1
824,6.01,18.5,1
824,6.04,18.5,1
824,6.31,18.5,1
824,6.23,18.5,1
824,5.69,18.5,1
450,6.69,18.5,2
500,6.25,18.5,2
458,6.35,18.5,2
480,6.54,18.5,2
604,6.25,18.5,2
602,6.09,18.5,2
600,6.06,18.5,2
602,6.07,18.5,2
603,5.92,18.5,2
603,6.52,18.5,2
603,6.5,18.5,2
604,6.08,18.5,2
604,6.69,18.5,2
604,6.41,18.5,2
604,6.32,18.5,2
604,5.58,18.5,2
606,6.49,18.5,2
598,6.4,18.5,2
599,6.4,18.5,2
599,5.97,18.5,2
599,5.98,18.5,2
600,6.3,18.5,2
600,6,18.5,2
601,6.44,18.5,2
603,6.39,18.5,2
603,6.28,18.5,2
604,6.43,18.5,2
604,6.71,18.5,2
604,6.22,18.5,2
604,5.75,18.4,2
874,6.35,18.5,1
682,6.29,18.5,2
684,6.44,18.5,2
684,5.68,18.5,2
685,6,18.5,2
685,6.57,18.4,2
685,6.46,18.5,2
685,5.62,18.4,2
685,6.13,18.5,2
685,5.89,18.4,2
685,6.17,18.5,2
686,6.44,18.5,2
686,5.29,18.4,2
686,6.05,18.4,2
686,6.19,18.4,2
686,6.63,18.4,2
686,6.25,18.5,2
686,5.57,18.5,2
688,6.05,18.4,2
687,6.29,18.4,2
686,6.16,18.4,2
688,6.33,18.4,2
687,6.11,18.4,2
688,6.02,18.4,2
688,5.87,18.4,2
687,5.91,18.4,2
688,6.28,18.4,2
690,6.21,18.4,2
690,5.89,18.4,2
690,6.44,18.4,2
690,6.26,18.4,2
690,6.43,18.5,2
690,6.57,18.5,2
690,5.77,18.4,2
690,6.14,18.4,2
690,6.13,18.5,2
690,6.32,18.4,2
690,6.09,18.4,2
691,6.18,18.4,2
690,5.42,18.4,2
691,6.52,18.4,2
691,6.25,18.4,2
691,5.87,18.4,2
691,5.98,18.5,2
691,6.22,18.4,2
691,6.36,18.4,2
691,6.16,18.4,2
691,6.6,18.4,2
691,6.44,18.4,2
691,6.15,18.4,2
691,6.04,18.4,2
691,6.8,18.4,2
691,6.47,18.4,2
692,6.75,18.4,2
692,6.5,18.4,2
692,6.69,18.4,2
692,6.47,18.5,2
692,6.43,18.4,2
692,6.25,18.4,2
692,6.38,18.4,2
692,6.63,18.4,2
692,6.6,18.4,2
692,6.66,18.4,2
692,6.77,18.4,2
693,6.65,18.4,2
693,6.4,18.4,2
693,6.52,18.4,2
693,6.5,18.4,2
693,6.22,18.4,2
693,6.44,18.4,2
693,6.65,18.5,2
693,6.57,18.5,2
693,6.74,18.4,2
693,6.62,18.4,2
693,6.78,18.4,2
694,5.67,18.4,2
693,6.42,18.4,2
693,6.6,18.4,2
695,5.4,18.4,2
695,6.35,18.4,2
695,6.38,18.4,2
693,6.55,18.4,2
695,6.67,18.4,2
695,6.25,18.4,2
695,6.75,18.4,2
695,6.64,18.5,2
695,6.64,18.4,2
695,5.85,18.4,2
695,6.6,18.4,2
695,6.35,18.4,2
695,6.47,18.4,2
695,6,18.4,2
695,5.83,18.4,2
695,5.33,18.4,2
695,6.53,18.5,2
695,6.8,18.5,2
695,6.53,18.4,2
696,6.33,18.5,2
695,6.45,18.4,2
695,6.6,18.4,2
695,6.6,18.4,2
696,6.45,18.5,2
824,6.35,18.5,1
824,6.35,18.4,1
824,6.35,18.4,1
824,6.15,18.4,1
824,6.53,18.5,1
824,6.4,18.5,1
824,5.95,18.5,1
824,6.4,18.5,1
824,6.1,18.5,1
824,6.45,18.4,1
824,6.5,18.5,1
824,6.55,18.5,1
824,6.55,18.5,1
824,6.58,18.5,1
824,6.58,18.5,1
824,6.54,18.5,1
824,6.4,18.5,1
824,6.4,18.5,1
824,6.45,18.5,1
824,6.2,18.5,1
824,6.33,18.5,1
824,6.6,18.5,1
824,6.15,18.5,1
825,6.45,18.5,1
825,6.45,18.5,1
824,6.47,18.4,1
824,6.4,18.5,1
824,6.28,18.5,1
824,6.58,18.5,1
824,6.5,18.5,1
825,6.5,18.5,1
825,6.53,20.3,1
824,6.55,20.4,1
825,5.8,20.4,1
825,5.97,20.4,1
824,6.45,20.3,1
825,5.65,20.4,1
824,6.25,20.4,1
824,6.53,20.4,1
824,6.28,20.4,1
825,5.28,20.4,1
